mp_id,raw_output,model,experiment,ts,override_applied,fail_reasons
mp-619575,"{""material_id"": ""mp-619575"", ""band_gap_eV"": 2.5175, ""formation_energy_per_atom_eV"": -0.6182932559375001, ""is_metal"": false, ""energy_above_hull_eV"": 0.0, ""is_stable"": true}",gemini,exp3_hard_verify_override,1770629456.739417,False,
mp-9851,"{""material_id"": ""mp-9851"", ""band_gap_eV"": 0.1063, ""formation_energy_per_atom_eV"": -0.630045229146825, ""is_metal"": false, ""energy_above_hull_eV"": 0.0, ""is_stable"": true}",gemini,exp3_hard_verify_override,1770629456.739566,False,
mp-2793,"{""material_id"": ""mp-2793"", ""band_gap_eV"": 0.2628, ""formation_energy_per_atom_eV"": -0.140219074531245, ""is_metal"": false, ""energy_above_hull_eV"": 0.0, ""is_stable"": true}",gemini,exp3_hard_verify_override,1770629456.739701,False,
mp-23184,"{""material_id"": ""mp-23184"", ""band_gap_eV"": 4.7135, ""formation_energy_per_atom_eV"": -1.0426612775, ""is_metal"": false, ""energy_above_hull_eV"": 0.0, ""is_stable"": true}",gemini,exp3_hard_verify_override,1770629456.739821,False,
mp-1213622,"{""material_id"": ""mp-1213622"", ""band_gap_eV"": 0.5263, ""formation_energy_per_atom_eV"": -1.5970489985714291, ""is_metal"": false, ""energy_above_hull_eV"": 0.0, ""is_stable"": true}",gemini,exp3_hard_verify_override,1770629456.7399192,False,
mp-30140,"{""material_id"": ""mp-30140"", ""band_gap_eV"": 4.1443, ""formation_energy_per_atom_eV"": -0.836349655, ""is_metal"": false, ""energy_above_hull_eV"": 0.0, ""is_stable"": true}",gemini,exp3_hard_verify_override,1770629456.740003,False,
mp-1232276,"{""material_id"": ""mp-1232276"", ""band_gap_eV"": 0.4328, ""formation_energy_per_atom_eV"": -2.021422001041666, ""is_metal"": false, ""energy_above_hull_eV"": 0.0, ""is_stable"": true}",gemini,exp3_hard_verify_override,1770629456.7400808,False,
mp-1227290,"{""material_id"": ""mp-1227290"", ""band_gap_eV"": 0.1101, ""formation_energy_per_atom_eV"": -0.006925372499999, ""is_metal"": false, ""energy_above_hull_eV"": 0.0, ""is_stable"": true}",gemini,exp3_hard_verify_override,1770629456.740188,False,
mp-1170,"{""material_id"": ""mp-1170"", ""band_gap_eV"": 1.5148, ""formation_energy_per_atom_eV"": -0.473969728541665, ""is_metal"": false, ""energy_above_hull_eV"": 0.0, ""is_stable"": true}",gemini,exp3_hard_verify_override,1770629456.740294,False,
mp-32633,"{""material_id"": ""mp-32633"", ""band_gap_eV"": 0.5265, ""formation_energy_per_atom_eV"": -1.930073411158088, ""is_metal"": false, ""energy_above_hull_eV"": 0.0, ""is_stable"": true}",gemini,exp3_hard_verify_override,1770629456.740372,False,
mp-1195922,"{""material_id"": ""mp-1195922"", ""band_gap_eV"": 0.376, ""formation_energy_per_atom_eV"": -0.417257172291664, ""is_metal"": false, ""energy_above_hull_eV"": 0.0, ""is_stable"": true}",gemini,exp3_hard_verify_override,1770629456.7404459,False,
mp-254,"{""material_id"": ""mp-254"", ""band_gap_eV"": 7.6164, ""formation_energy_per_atom_eV"": -4.452365858958333, ""is_metal"": false, ""energy_above_hull_eV"": 0.0, ""is_stable"": true}",gemini,exp3_hard_verify_override,1770629456.7405171,False,
mp-18299,"{""material_id"": ""mp-18299"", ""band_gap_eV"": 0.2155, ""formation_energy_per_atom_eV"": -3.992617684583336, ""is_metal"": false, ""energy_above_hull_eV"": 0.0, ""is_stable"": true}",gemini,exp3_hard_verify_override,1770629456.74059,False,
mp-23185,"{""material_id"": ""mp-23185"", ""band_gap_eV"": 2.8624, ""formation_energy_per_atom_eV"": -0.857616325999999, ""is_metal"": false, ""energy_above_hull_eV"": 0.0, ""is_stable"": true}",gemini,exp3_hard_verify_override,1770629456.740659,False,
mp-23290,"{""material_id"": ""mp-23290"", ""band_gap_eV"": 1.7917, ""formation_energy_per_atom_eV"": -0.475064009999998, ""is_metal"": false, ""energy_above_hull_eV"": 0.0, ""is_stable"": true}",gemini,exp3_hard_verify_override,1770629456.74074,False,
mp-30031,"{""material_id"": ""mp-30031"", ""band_gap_eV"": 3.8971, ""formation_energy_per_atom_eV"": -1.89441126, ""is_metal"": false, ""energy_above_hull_eV"": 0.0, ""is_stable"": true}",gemini,exp3_hard_verify_override,1770629456.7408168,False,
mp-555908,"{""material_id"": ""mp-555908"", ""band_gap_eV"": 2.2721, ""formation_energy_per_atom_eV"": -2.341685073333334, ""is_metal"": false, ""energy_above_hull_eV"": 0.0, ""is_stable"": true}",gemini,exp3_hard_verify_override,1770629456.740885,False,
mp-22398,"{""material_id"": ""mp-22398"", ""band_gap_eV"": 3.1061, ""formation_energy_per_atom_eV"": -2.648772015416667, ""is_metal"": false, ""energy_above_hull_eV"": 0.0, ""is_stable"": true}",gemini,exp3_hard_verify_override,1770629456.740952,False,
mp-27628,"{""material_id"": ""mp-27628"", ""band_gap_eV"": 1.3552, ""formation_energy_per_atom_eV"": -0.3329571455, ""is_metal"": false, ""energy_above_hull_eV"": 0.0, ""is_stable"": true}",gemini,exp3_hard_verify_override,1770629456.7410188,False,
mp-1212833,"{""material_id"": ""mp-1212833"", ""band_gap_eV"": 0.3912, ""formation_energy_per_atom_eV"": -0.299415060454546, ""is_metal"": false, ""energy_above_hull_eV"": 0.0, ""is_stable"": true}",gemini,exp3_hard_verify_override,1770629456.74109,False,
mp-571518,"{""material_id"": ""mp-571518"", ""band_gap_eV"": 1.9169, ""formation_energy_per_atom_eV"": -0.946381717857144, ""is_metal"": false, ""energy_above_hull_eV"": 0.0, ""is_stable"": true}",gemini,exp3_hard_verify_override,1770629456.7411578,False,
mp-9852,"{""material_id"": ""mp-9852"", ""band_gap_eV"": 0.1259, ""formation_energy_per_atom_eV"": -0.616732226646824, ""is_metal"": false, ""energy_above_hull_eV"": 0.0, ""is_stable"": true}",gemini,exp3_hard_verify_override,1770629456.741225,False,
mp-34202,"{""material_id"": ""mp-34202"", ""band_gap_eV"": 0.3388, ""formation_energy_per_atom_eV"": -0.274401004000003, ""is_metal"": false, ""energy_above_hull_eV"": 0.0, ""is_stable"": true}",gemini,exp3_hard_verify_override,1770629456.741299,False,
mp-570796,"{""material_id"": ""mp-570796"", ""band_gap_eV"": 1.5374, ""formation_energy_per_atom_eV"": -0.7330447383333331, ""is_metal"": false, ""energy_above_hull_eV"": 0.0, ""is_stable"": true}",gemini,exp3_hard_verify_override,1770629456.741368,False,
mp-1195,"{""material_id"": ""mp-1195"", ""band_gap_eV"": 1.8930999999999991, ""formation_energy_per_atom_eV"": -0.50608046735294, ""is_metal"": false, ""energy_above_hull_eV"": 0.0, ""is_stable"": true}",gemini,exp3_hard_verify_override,1770629456.741436,False,
mp-672204,"{""material_id"": ""mp-672204"", ""band_gap_eV"": 0.3787, ""formation_energy_per_atom_eV"": -0.400380674375, ""is_metal"": false, ""energy_above_hull_eV"": 0.0, ""is_stable"": true}",gemini,exp3_hard_verify_override,1770629456.741502,False,
mp-29179,"{""material_id"": ""mp-29179"", ""band_gap_eV"": 3.1002, ""formation_energy_per_atom_eV"": -1.055039141666666, ""is_metal"": false, ""energy_above_hull_eV"": 0.0, ""is_stable"": true}",gemini,exp3_hard_verify_override,1770629456.7415721,False,
mp-1205121,"{""material_id"": ""mp-1205121"", ""band_gap_eV"": 0.2452, ""formation_energy_per_atom_eV"": -0.510760389375001, ""is_metal"": false, ""energy_above_hull_eV"": 0.0, ""is_stable"": true}",gemini,exp3_hard_verify_override,1770629456.741639,False,
mp-10497,"{""material_id"": ""mp-10497"", ""band_gap_eV"": 2.2919, ""formation_energy_per_atom_eV"": -0.127321634999998, ""is_metal"": false, ""energy_above_hull_eV"": 0.0, ""is_stable"": true}",gemini,exp3_hard_verify_override,1770629456.741705,False,
mp-27148,"{""material_id"": ""mp-27148"", ""band_gap_eV"": 0.8362, ""formation_energy_per_atom_eV"": -0.319383066011903, ""is_metal"": false, ""energy_above_hull_eV"": 0.0, ""is_stable"": true}",gemini,exp3_hard_verify_override,1770629456.741774,False,
mp-1545417,"{""material_id"": ""mp-1545417"", ""band_gap_eV"": 0.7359, ""formation_energy_per_atom_eV"": -1.7181544525, ""is_metal"": false, ""energy_above_hull_eV"": 0.0, ""is_stable"": true}",gemini,exp3_hard_verify_override,1770629456.741843,False,
mp-1203760,"{""material_id"": ""mp-1203760"", ""band_gap_eV"": 1.0648, ""formation_energy_per_atom_eV"": -0.553621656590911, ""is_metal"": false, ""energy_above_hull_eV"": 0.0, ""is_stable"": true}",gemini,exp3_hard_verify_override,1770629456.7419488,False,
mp-470,"{""material_id"": ""mp-470"", ""band_gap_eV"": 1.2157, ""formation_energy_per_atom_eV"": -2.156655663333334, ""is_metal"": false, ""energy_above_hull_eV"": 0.0, ""is_stable"": true}",gemini,exp3_hard_verify_override,1770629456.742045,False,
mp-16922,"{""material_id"": ""mp-16922"", ""band_gap_eV"": 0.3248, ""formation_energy_per_atom_eV"": -0.962356391249998, ""is_metal"": false, ""energy_above_hull_eV"": 0.0, ""is_stable"": true}",gemini,exp3_hard_verify_override,1770629456.742181,False,
mp-624,"{""material_id"": ""mp-624"", ""band_gap_eV"": 2.6454, ""formation_energy_per_atom_eV"": -0.209188941071428, ""is_metal"": false, ""energy_above_hull_eV"": 0.0, ""is_stable"": true}",gemini,exp3_hard_verify_override,1770629456.7422888,False,
mp-22859,"{""material_id"": ""mp-22859"", ""band_gap_eV"": 1.6513, ""formation_energy_per_atom_eV"": -0.443566703750002, ""is_metal"": false, ""energy_above_hull_eV"": 0.0, ""is_stable"": true}",gemini,exp3_hard_verify_override,1770629456.7424252,False,
mp-31050,"{""material_id"": ""mp-31050"", ""band_gap_eV"": 3.6753, ""formation_energy_per_atom_eV"": -0.30258604611111, ""is_metal"": false, ""energy_above_hull_eV"": 0.0, ""is_stable"": true}",gemini,exp3_hard_verify_override,1770629456.742621,False,
mp-541013,"{""material_id"": ""mp-541013"", ""band_gap_eV"": 1.0859, ""formation_energy_per_atom_eV"": -1.031189425666664, ""is_metal"": false, ""energy_above_hull_eV"": 0.0, ""is_stable"": true}",gemini,exp3_hard_verify_override,1770629456.7427998,False,
mp-18536,"{""material_id"": ""mp-18536"", ""band_gap_eV"": 0.2085, ""formation_energy_per_atom_eV"": -1.12894743375, ""is_metal"": false, ""energy_above_hull_eV"": 0.0, ""is_stable"": true}",gemini,exp3_hard_verify_override,1770629456.742913,False,
mp-200,"{""material_id"": ""mp-200"", ""band_gap_eV"": 0.8617, ""formation_energy_per_atom_eV"": -0.514802012604166, ""is_metal"": false, ""energy_above_hull_eV"": 0.0, ""is_stable"": true}",gemini,exp3_hard_verify_override,1770629456.7429912,False,
mp-23261,"{""material_id"": ""mp-23261"", ""band_gap_eV"": 2.7278, ""formation_energy_per_atom_eV"": -0.7564620653571411, ""is_metal"": false, ""energy_above_hull_eV"": 0.0, ""is_stable"": true}",gemini,exp3_hard_verify_override,1770629456.743066,False,
mp-7440,"{""material_id"": ""mp-7440"", ""band_gap_eV"": 0.8684, ""formation_energy_per_atom_eV"": -0.499863119613094, ""is_metal"": false, ""energy_above_hull_eV"": 0.0, ""is_stable"": true}",gemini,exp3_hard_verify_override,1770629456.7431412,False,
mp-569867,"{""material_id"": ""mp-569867"", ""band_gap_eV"": 0.378, ""formation_energy_per_atom_eV"": -0.7546754528571421, ""is_metal"": false, ""energy_above_hull_eV"": 0.0, ""is_stable"": true}",gemini,exp3_hard_verify_override,1770629456.7432508,False,
mp-1205852,"{""material_id"": ""mp-1205852"", ""band_gap_eV"": 0.8523, ""formation_energy_per_atom_eV"": -2.0949976555, ""is_metal"": false, ""energy_above_hull_eV"": 0.0, ""is_stable"": true}",gemini,exp3_hard_verify_override,1770629456.743347,False,
mp-28483,"{""material_id"": ""mp-28483"", ""band_gap_eV"": 1.069899999999999, ""formation_energy_per_atom_eV"": -0.9345107228571432, ""is_metal"": false, ""energy_above_hull_eV"": 0.0, ""is_stable"": true}",gemini,exp3_hard_verify_override,1770629456.743432,False,
mp-561664,"{""material_id"": ""mp-561664"", ""band_gap_eV"": 4.0186, ""formation_energy_per_atom_eV"": -2.216336207, ""is_metal"": false, ""energy_above_hull_eV"": 0.0, ""is_stable"": true}",gemini,exp3_hard_verify_override,1770629456.7435079,False,
mp-27871,"{""material_id"": ""mp-27871"", ""band_gap_eV"": 1.2584, ""formation_energy_per_atom_eV"": -0.8457965725, ""is_metal"": false, ""energy_above_hull_eV"": 0.0, ""is_stable"": true}",gemini,exp3_hard_verify_override,1770629456.743583,False,
mp-680339,"{""material_id"": ""mp-680339"", ""band_gap_eV"": 0.7556, ""formation_energy_per_atom_eV"": -0.28327900617555, ""is_metal"": false, ""energy_above_hull_eV"": 0.0, ""is_stable"": true}",gemini,exp3_hard_verify_override,1770629456.743659,False,
mp-582753,"{""material_id"": ""mp-582753"", ""band_gap_eV"": 0.8007, ""formation_energy_per_atom_eV"": -0.434993182323239, ""is_metal"": false, ""energy_above_hull_eV"": 0.0, ""is_stable"": true}",gemini,exp3_hard_verify_override,1770629456.7437341,False,
mp-30092,"{""material_id"": ""mp-30092"", ""band_gap_eV"": 3.4576, ""formation_energy_per_atom_eV"": -1.725360933333334, ""is_metal"": false, ""energy_above_hull_eV"": 0.0, ""is_stable"": true}",gemini,exp3_hard_verify_override,1770629456.7438111,False,
mp-27161,"{""material_id"": ""mp-27161"", ""band_gap_eV"": 2.9118, ""formation_energy_per_atom_eV"": -0.8721765856249991, ""is_metal"": false, ""energy_above_hull_eV"": 0.0, ""is_stable"": true}",gemini,exp3_hard_verify_override,1770629456.7438898,False,
mp-1018138,"{""material_id"": ""mp-1018138"", ""band_gap_eV"": 1.037, ""formation_energy_per_atom_eV"": -0.74117, ""is_metal"": false, ""energy_above_hull_eV"": 0.0, ""is_stable"": true}",gemini,exp3_hard_verify_override,1770629456.744003,False,
mp-23155,"{""material_id"": ""mp-23155"", ""band_gap_eV"": 8.5132, ""formation_energy_per_atom_eV"": 0.0, ""is_metal"": false, ""energy_above_hull_eV"": 0.0, ""is_stable"": true}",gemini,exp3_hard_verify_override,1770629456.744125,False,
mp-1197742,"{""material_id"": ""mp-1197742"", ""band_gap_eV"": 0.8515, ""formation_energy_per_atom_eV"": -0.327354584285715, ""is_metal"": false, ""energy_above_hull_eV"": 0.0, ""is_stable"": true}",gemini,exp3_hard_verify_override,1770629456.7442079,False,
mp-647579,"{""material_id"": ""mp-647579"", ""band_gap_eV"": 3.2214, ""formation_energy_per_atom_eV"": -1.267659339375001, ""is_metal"": false, ""energy_above_hull_eV"": 0.0, ""is_stable"": true}",gemini,exp3_hard_verify_override,1770629456.744282,False,
mp-15649,"{""material_id"": ""mp-15649"", ""band_gap_eV"": 0.8155, ""formation_energy_per_atom_eV"": -0.571072849166668, ""is_metal"": false, ""energy_above_hull_eV"": 0.0, ""is_stable"": true}",gemini,exp3_hard_verify_override,1770629456.744355,False,
mp-557993,"{""material_id"": ""mp-557993"", ""band_gap_eV"": 1.1596, ""formation_energy_per_atom_eV"": -1.459764126666667, ""is_metal"": false, ""energy_above_hull_eV"": 0.0, ""is_stable"": true}",gemini,exp3_hard_verify_override,1770629456.744431,False,
mp-7904,"{""material_id"": ""mp-7904"", ""band_gap_eV"": 0.6551, ""formation_energy_per_atom_eV"": -0.120742532380951, ""is_metal"": false, ""energy_above_hull_eV"": 0.0, ""is_stable"": true}",gemini,exp3_hard_verify_override,1770629456.744525,False,
mp-570738,"{""material_id"": ""mp-570738"", ""band_gap_eV"": 2.4744, ""formation_energy_per_atom_eV"": -0.727731253611111, ""is_metal"": false, ""energy_above_hull_eV"": 0.0, ""is_stable"": true}",gemini,exp3_hard_verify_override,1770629456.74466,False,
mp-628742,"{""material_id"": ""mp-628742"", ""band_gap_eV"": 0.5845, ""formation_energy_per_atom_eV"": -0.486485566153847, ""is_metal"": false, ""energy_above_hull_eV"": 0.0, ""is_stable"": true}",gemini,exp3_hard_verify_override,1770629456.745023,False,
mp-1204356,"{""material_id"": ""mp-1204356"", ""band_gap_eV"": 1.8389, ""formation_energy_per_atom_eV"": -0.305946444868422, ""is_metal"": false, ""energy_above_hull_eV"": 0.0, ""is_stable"": true}",gemini,exp3_hard_verify_override,1770629456.745157,False,
mp-7262,"{""material_id"": ""mp-7262"", ""band_gap_eV"": 0.224099999999999, ""formation_energy_per_atom_eV"": -0.148990749583333, ""is_metal"": false, ""energy_above_hull_eV"": 0.0, ""is_stable"": true}",gemini,exp3_hard_verify_override,1770629456.7453818,True,value_mismatch:formation_energy_per_atom_eV
mp-28879,"{""material_id"": ""mp-28879"", ""band_gap_eV"": 1.1418, ""formation_energy_per_atom_eV"": -1.057331754908424, ""is_metal"": false, ""energy_above_hull_eV"": 0.0, ""is_stable"": true}",gemini,exp3_hard_verify_override,1770629456.745489,False,
mp-27684,"{""material_id"": ""mp-27684"", ""band_gap_eV"": 1.0992, ""formation_energy_per_atom_eV"": -0.932556454761906, ""is_metal"": false, ""energy_above_hull_eV"": 0.0, ""is_stable"": true}",gemini,exp3_hard_verify_override,1770629456.745562,False,
mp-541404,"{""material_id"": ""mp-541404"", ""band_gap_eV"": 0.7584, ""formation_energy_per_atom_eV"": -2.522468176666668, ""is_metal"": false, ""energy_above_hull_eV"": 0.0, ""is_stable"": true}",gemini,exp3_hard_verify_override,1770629456.745634,False,
mp-1391848,"{""material_id"": ""mp-1391848"", ""band_gap_eV"": 2.0863, ""formation_energy_per_atom_eV"": -2.063723397142856, ""is_metal"": false, ""energy_above_hull_eV"": 0.0, ""is_stable"": true}",gemini,exp3_hard_verify_override,1770629456.745703,False,
mp-1184796,"{""material_id"": ""mp-1184796"", ""band_gap_eV"": 8.0745, ""formation_energy_per_atom_eV"": -1.406990803749999, ""is_metal"": false, ""energy_above_hull_eV"": 0.0, ""is_stable"": true}",gemini,exp3_hard_verify_override,1770629456.745771,False,
mp-9268,"{""material_id"": ""mp-9268"", ""band_gap_eV"": 0.7039000000000001, ""formation_energy_per_atom_eV"": -1.167954419796875, ""is_metal"": false, ""energy_above_hull_eV"": 0.0, ""is_stable"": true}",gemini,exp3_hard_verify_override,1770629456.7458408,False,
mp-540922,"{""material_id"": ""mp-540922"", ""band_gap_eV"": 0.1806, ""formation_energy_per_atom_eV"": -0.450521733124998, ""is_metal"": false, ""energy_above_hull_eV"": 0.0, ""is_stable"": true}",gemini,exp3_hard_verify_override,1770629456.745909,False,
mp-540675,"{""material_id"": ""mp-540675"", ""band_gap_eV"": 3.0664, ""formation_energy_per_atom_eV"": -0.349825507562499, ""is_metal"": false, ""energy_above_hull_eV"": 0.0, ""is_stable"": true}",gemini,exp3_hard_verify_override,1770629456.745976,False,
mp-571235,"{""material_id"": ""mp-571235"", ""band_gap_eV"": 2.021, ""formation_energy_per_atom_eV"": -1.227871009333331, ""is_metal"": false, ""energy_above_hull_eV"": 0.0, ""is_stable"": true}",gemini,exp3_hard_verify_override,1770629456.746044,False,
mp-1208424,"{""material_id"": ""mp-1208424"", ""band_gap_eV"": 2.5242, ""formation_energy_per_atom_eV"": -0.812674219083331, ""is_metal"": false, ""energy_above_hull_eV"": 0.0, ""is_stable"": true}",gemini,exp3_hard_verify_override,1770629456.746114,False,
mp-27971,"{""material_id"": ""mp-27971"", ""band_gap_eV"": 5.0865, ""formation_energy_per_atom_eV"": -2.788094297499999, ""is_metal"": false, ""energy_above_hull_eV"": 0.0, ""is_stable"": true}",gemini,exp3_hard_verify_override,1770629456.746179,False,
mp-22909,"{""material_id"": ""mp-22909"", ""band_gap_eV"": 4.0533, ""formation_energy_per_atom_eV"": -1.291011926666667, ""is_metal"": false, ""energy_above_hull_eV"": 0.0, ""is_stable"": true}",gemini,exp3_hard_verify_override,1770629456.7462761,False,
mp-556516,"{""material_id"": ""mp-556516"", ""band_gap_eV"": 0.7668, ""formation_energy_per_atom_eV"": -0.505116372129634, ""is_metal"": false, ""energy_above_hull_eV"": 0.0, ""is_stable"": true}",gemini,exp3_hard_verify_override,1770629456.746345,False,
mp-21526,"{""material_id"": ""mp-21526"", ""band_gap_eV"": 0.5708, ""formation_energy_per_atom_eV"": -0.362189247187497, ""is_metal"": false, ""energy_above_hull_eV"": 0.0, ""is_stable"": true}",gemini,exp3_hard_verify_override,1770629456.7464168,False,
mp-1274279,"{""material_id"": ""mp-1274279"", ""band_gap_eV"": 1.8157, ""formation_energy_per_atom_eV"": -1.481519387499999, ""is_metal"": false, ""energy_above_hull_eV"": 0.0, ""is_stable"": true}",gemini,exp3_hard_verify_override,1770629456.746652,False,
mp-554855,"{""material_id"": ""mp-554855"", ""band_gap_eV"": 1.5712, ""formation_energy_per_atom_eV"": -2.60675029, ""is_metal"": false, ""energy_above_hull_eV"": 0.0, ""is_stable"": true}",gemini,exp3_hard_verify_override,1770629456.746807,False,
mp-510557,"{""material_id"": ""mp-510557"", ""band_gap_eV"": 4.2395, ""formation_energy_per_atom_eV"": -0.216854790312499, ""is_metal"": false, ""energy_above_hull_eV"": 0.0, ""is_stable"": true}",gemini,exp3_hard_verify_override,1770629456.7469609,False,
mp-27291,"{""material_id"": ""mp-27291"", ""band_gap_eV"": 0.1554, ""formation_energy_per_atom_eV"": -2.149853655, ""is_metal"": false, ""energy_above_hull_eV"": 0.0, ""is_stable"": true}",gemini,exp3_hard_verify_override,1770629456.747185,False,
mp-568348,"{""material_id"": ""mp-568348"", ""band_gap_eV"": 1.8454, ""formation_energy_per_atom_eV"": 0.0, ""is_metal"": false, ""energy_above_hull_eV"": 0.0, ""is_stable"": true}",gemini,exp3_hard_verify_override,1770629456.7474098,False,
mp-2084,"{""material_id"": ""mp-2084"", ""band_gap_eV"": 0.9438, ""formation_energy_per_atom_eV"": -0.67346, ""is_metal"": false, ""energy_above_hull_eV"": 0.0, ""is_stable"": true}",gemini,exp3_hard_verify_override,1770629456.747527,False,
mp-995393,"{""material_id"": ""mp-995393"", ""band_gap_eV"": 2.1989, ""formation_energy_per_atom_eV"": -0.612184769666665, ""is_metal"": false, ""energy_above_hull_eV"": 0.0, ""is_stable"": true}",gemini,exp3_hard_verify_override,1770629456.747732,False,
mp-1345,"{""material_id"": ""mp-1345"", ""band_gap_eV"": 0.3443, ""formation_energy_per_atom_eV"": -1.2564584531547611, ""is_metal"": false, ""energy_above_hull_eV"": 0.0, ""is_stable"": true}",gemini,exp3_hard_verify_override,1770629456.747915,False,
mp-1193140,"{""material_id"": ""mp-1193140"", ""band_gap_eV"": 1.8662, ""formation_energy_per_atom_eV"": -0.743681253794641, ""is_metal"": false, ""energy_above_hull_eV"": 0.0, ""is_stable"": true}",gemini,exp3_hard_verify_override,1770629456.74803,False,
mp-29657,"{""material_id"": ""mp-29657"", ""band_gap_eV"": 0.665199999999999, ""formation_energy_per_atom_eV"": -0.214525574374999, ""is_metal"": false, ""energy_above_hull_eV"": 0.0, ""is_stable"": true}",gemini,exp3_hard_verify_override,1770629456.748111,False,
mp-23265,"{""material_id"": ""mp-23265"", ""band_gap_eV"": 2.0054, ""formation_energy_per_atom_eV"": -2.506313930624998, ""is_metal"": false, ""energy_above_hull_eV"": 0.0, ""is_stable"": true}",gemini,exp3_hard_verify_override,1770629456.7481978,False,
mp-542812,"{""material_id"": ""mp-542812"", ""band_gap_eV"": 1.0066, ""formation_energy_per_atom_eV"": -0.442993200833332, ""is_metal"": false, ""energy_above_hull_eV"": 0.0, ""is_stable"": true}",gemini,exp3_hard_verify_override,1770629456.748271,False,
mp-10802,"{""material_id"": ""mp-10802"", ""band_gap_eV"": 0.5879, ""formation_energy_per_atom_eV"": -0.417557193125, ""is_metal"": false, ""energy_above_hull_eV"": 0.0, ""is_stable"": true}",gemini,exp3_hard_verify_override,1770629456.748341,False,
mp-27725,"{""material_id"": ""mp-27725"", ""band_gap_eV"": 2.0942, ""formation_energy_per_atom_eV"": -0.265866406249999, ""is_metal"": false, ""energy_above_hull_eV"": 0.0, ""is_stable"": true}",gemini,exp3_hard_verify_override,1770629456.748409,False,
mp-1080428,"{""material_id"": ""mp-1080428"", ""band_gap_eV"": 0.8728, ""formation_energy_per_atom_eV"": -1.326321304, ""is_metal"": false, ""energy_above_hull_eV"": 0.0, ""is_stable"": true}",gemini,exp3_hard_verify_override,1770629456.7484758,False,
mp-569561,"{""material_id"": ""mp-569561"", ""band_gap_eV"": 3.1165, ""formation_energy_per_atom_eV"": -0.639768098499999, ""is_metal"": false, ""energy_above_hull_eV"": 0.0, ""is_stable"": true}",gemini,exp3_hard_verify_override,1770629456.748566,False,
mp-743,"{""material_id"": ""mp-743"", ""band_gap_eV"": 4.1608, ""formation_energy_per_atom_eV"": -0.140204309375, ""is_metal"": false, ""energy_above_hull_eV"": 0.0, ""is_stable"": true}",gemini,exp3_hard_verify_override,1770629456.748634,False,
mp-484,"{""material_id"": ""mp-484"", ""band_gap_eV"": 0.4326, ""formation_energy_per_atom_eV"": -0.001508734, ""is_metal"": false, ""energy_above_hull_eV"": 0.0, ""is_stable"": true}",gemini,exp3_hard_verify_override,1770629456.748705,False,
mp-1864,"{""material_id"": ""mp-1864"", ""band_gap_eV"": 0.1139, ""formation_energy_per_atom_eV"": -0.678575252480158, ""is_metal"": false, ""energy_above_hull_eV"": 0.0, ""is_stable"": true}",gemini,exp3_hard_verify_override,1770629456.748791,False,
mp-30520,"{""material_id"": ""mp-30520"", ""band_gap_eV"": 1.667899999999999, ""formation_energy_per_atom_eV"": -0.498485183452379, ""is_metal"": false, ""energy_above_hull_eV"": 0.0, ""is_stable"": true}",gemini,exp3_hard_verify_override,1770629456.748866,False,
mp-23221,"{""material_id"": ""mp-23221"", ""band_gap_eV"": 3.4296, ""formation_energy_per_atom_eV"": -2.306216135416666, ""is_metal"": false, ""energy_above_hull_eV"": 0.0, ""is_stable"": true}",gemini,exp3_hard_verify_override,1770629456.748936,False,
mp-149,"{""material_id"": ""mp-149"", ""band_gap_eV"": 0.6105, ""formation_energy_per_atom_eV"": 0.0, ""is_metal"": false, ""energy_above_hull_eV"": 0.0, ""is_stable"": true}",gemini,exp3_hard_verify_override,1770629456.7490041,False,
mp-1863,"{""material_id"": ""mp-1863"", ""band_gap_eV"": 1.4519, ""formation_energy_per_atom_eV"": -0.119684392083333, ""is_metal"": false, ""energy_above_hull_eV"": 0.0, ""is_stable"": true}",gemini,exp3_hard_verify_override,1770629456.749077,False,
mp-1524446,"{""material_id"": ""mp-1524446"", ""band_gap_eV"": 1.0487, ""formation_energy_per_atom_eV"": -1.452075918750001, ""is_metal"": false, ""energy_above_hull_eV"": 0.0, ""is_stable"": true}",gemini,exp3_hard_verify_override,1770629456.749148,False,
mp-730101,"{""material_id"": ""mp-730101"", ""band_gap_eV"": 9.7197, ""formation_energy_per_atom_eV"": 0.0, ""is_metal"": false, ""energy_above_hull_eV"": 0.0, ""is_stable"": true}",gemini,exp3_hard_verify_override,1770629456.749217,False,
mp-31049,"{""material_id"": ""mp-31049"", ""band_gap_eV"": 3.4112, ""formation_energy_per_atom_eV"": -3.159657924166664, ""is_metal"": false, ""energy_above_hull_eV"": 0.0, ""is_stable"": true}",gemini,exp3_hard_verify_override,1770629456.749286,False,
mp-573812,"{""material_id"": ""mp-573812"", ""band_gap_eV"": 1.4052, ""formation_energy_per_atom_eV"": -0.28239570742611, ""is_metal"": false, ""energy_above_hull_eV"": 0.0, ""is_stable"": true}",gemini,exp3_hard_verify_override,1770629456.7494211,False,
mp-1213805,"{""material_id"": ""mp-1213805"", ""band_gap_eV"": 1.159, ""formation_energy_per_atom_eV"": -0.723041855833334, ""is_metal"": false, ""energy_above_hull_eV"": 0.0, ""is_stable"": true}",gemini,exp3_hard_verify_override,1770629456.749493,False,
mp-7188,"{""material_id"": ""mp-7188"", ""band_gap_eV"": 0.2899, ""formation_energy_per_atom_eV"": -0.670291663333335, ""is_metal"": false, ""energy_above_hull_eV"": 0.0, ""is_stable"": true}",gemini,exp3_hard_verify_override,1770629456.749593,False,
mp-680422,"{""material_id"": ""mp-680422"", ""band_gap_eV"": 2.9265, ""formation_energy_per_atom_eV"": -0.215968716874999, ""is_metal"": false, ""energy_above_hull_eV"": 0.0, ""is_stable"": true}",gemini,exp3_hard_verify_override,1770629456.749752,False,
mp-1683,"{""material_id"": ""mp-1683"", ""band_gap_eV"": 0.3979, ""formation_energy_per_atom_eV"": -1.236771233046873, ""is_metal"": false, ""energy_above_hull_eV"": 0.0, ""is_stable"": true}",gemini,exp3_hard_verify_override,1770629456.749867,False,
mp-1100,"{""material_id"": ""mp-1100"", ""band_gap_eV"": 1.0375, ""formation_energy_per_atom_eV"": -0.377014445, ""is_metal"": false, ""energy_above_hull_eV"": 0.0, ""is_stable"": true}",gemini,exp3_hard_verify_override,1770629456.74994,False,
mp-11054,"{""material_id"": ""mp-11054"", ""band_gap_eV"": 0.8779, ""formation_energy_per_atom_eV"": -0.278649864375, ""is_metal"": false, ""energy_above_hull_eV"": 0.0, ""is_stable"": true}",gemini,exp3_hard_verify_override,1770629456.750011,False,
mp-306,"{""material_id"": ""mp-306"", ""band_gap_eV"": 6.3017, ""formation_energy_per_atom_eV"": -2.79805631, ""is_metal"": false, ""energy_above_hull_eV"": 0.0, ""is_stable"": true}",gemini,exp3_hard_verify_override,1770629456.7501178,False,
mp-1018040,"{""material_id"": ""mp-1018040"", ""band_gap_eV"": 2.5765, ""formation_energy_per_atom_eV"": -1.474296713671875, ""is_metal"": false, ""energy_above_hull_eV"": 0.0, ""is_stable"": true}",gemini,exp3_hard_verify_override,1770629456.750336,False,
mp-12957,"{""material_id"": ""mp-12957"", ""band_gap_eV"": 1.0933, ""formation_energy_per_atom_eV"": 0.0, ""is_metal"": false, ""energy_above_hull_eV"": 0.0, ""is_stable"": true}",gemini,exp3_hard_verify_override,1770629456.750516,False,
mp-8377,"{""material_id"": ""mp-8377"", ""band_gap_eV"": 3.0604, ""formation_energy_per_atom_eV"": -1.4950600038888862, ""is_metal"": false, ""energy_above_hull_eV"": 0.0, ""is_stable"": true}",gemini,exp3_hard_verify_override,1770629456.750602,False,
mp-23933,"{""material_id"": ""mp-23933"", ""band_gap_eV"": 2.1977, ""formation_energy_per_atom_eV"": -0.073632082812499, ""is_metal"": false, ""energy_above_hull_eV"": 0.0, ""is_stable"": true}",gemini,exp3_hard_verify_override,1770629456.750713,False,
mp-13568,"{""material_id"": ""mp-13568"", ""band_gap_eV"": 0.3379, ""formation_energy_per_atom_eV"": -2.015935722708332, ""is_metal"": false, ""energy_above_hull_eV"": 0.0, ""is_stable"": true}",gemini,exp3_hard_verify_override,1770629456.7507892,False,
mp-571442,"{""material_id"": ""mp-571442"", ""band_gap_eV"": 3.0417, ""formation_energy_per_atom_eV"": -1.710965791249998, ""is_metal"": false, ""energy_above_hull_eV"": 0.0, ""is_stable"": true}",gemini,exp3_hard_verify_override,1770629456.750858,False,
mp-1154,"{""material_id"": ""mp-1154"", ""band_gap_eV"": 0.751, ""formation_energy_per_atom_eV"": -0.286120912954541, ""is_metal"": false, ""energy_above_hull_eV"": 0.0, ""is_stable"": true}",gemini,exp3_hard_verify_override,1770629456.750937,False,
mp-1524481,"{""material_id"": ""mp-1524481"", ""band_gap_eV"": 8.309, ""formation_energy_per_atom_eV"": -1.27488559425, ""is_metal"": false, ""energy_above_hull_eV"": 0.0, ""is_stable"": true}",gemini,exp3_hard_verify_override,1770629456.75103,False,
mp-27972,"{""material_id"": ""mp-27972"", ""band_gap_eV"": 4.1033, ""formation_energy_per_atom_eV"": -2.494519163125, ""is_metal"": false, ""energy_above_hull_eV"": 0.0, ""is_stable"": true}",gemini,exp3_hard_verify_override,1770629456.7510982,False,
mp-27153,"{""material_id"": ""mp-27153"", ""band_gap_eV"": 0.2115, ""formation_energy_per_atom_eV"": -1.76299271, ""is_metal"": false, ""energy_above_hull_eV"": 0.0, ""is_stable"": true}",gemini,exp3_hard_verify_override,1770629456.751168,False,
mp-1524458,"{""material_id"": ""mp-1524458"", ""band_gap_eV"": 3.1633, ""formation_energy_per_atom_eV"": -1.529192906999997, ""is_metal"": false, ""energy_above_hull_eV"": 0.0, ""is_stable"": true}",gemini,exp3_hard_verify_override,1770629456.7512362,False,
mp-634859,"{""material_id"": ""mp-634859"", ""band_gap_eV"": 2.7345, ""formation_energy_per_atom_eV"": -2.206560153333333, ""is_metal"": false, ""energy_above_hull_eV"": 0.0, ""is_stable"": true}",gemini,exp3_hard_verify_override,1770629456.751304,False,
mp-468,"{""material_id"": ""mp-468"", ""band_gap_eV"": 7.6012, ""formation_energy_per_atom_eV"": -3.86576940625, ""is_metal"": false, ""energy_above_hull_eV"": 0.0, ""is_stable"": true}",gemini,exp3_hard_verify_override,1770629456.751373,False,
mp-559931,"{""material_id"": ""mp-559931"", ""band_gap_eV"": 1.6025, ""formation_energy_per_atom_eV"": -3.238528048750001, ""is_metal"": false, ""energy_above_hull_eV"": 0.0, ""is_stable"": true}",gemini,exp3_hard_verify_override,1770629456.751442,False,
mp-1206891,"{""material_id"": ""mp-1206891"", ""band_gap_eV"": 1.0096, ""formation_energy_per_atom_eV"": -0.5667571437499991, ""is_metal"": false, ""energy_above_hull_eV"": 0.0, ""is_stable"": true}",gemini,exp3_hard_verify_override,1770629456.751512,False,
mp-1095275,"{""material_id"": ""mp-1095275"", ""band_gap_eV"": 0.4889, ""formation_energy_per_atom_eV"": -0.009709900654762, ""is_metal"": false, ""energy_above_hull_eV"": 0.0, ""is_stable"": true}",gemini,exp3_hard_verify_override,1770629456.7515788,False,
mp-1201,"{""material_id"": ""mp-1201"", ""band_gap_eV"": 0.1314, ""formation_energy_per_atom_eV"": -0.383199846, ""is_metal"": false, ""energy_above_hull_eV"": 0.0, ""is_stable"": true}",gemini,exp3_hard_verify_override,1770629456.7516448,False,
mp-570437,"{""material_id"": ""mp-570437"", ""band_gap_eV"": 2.3382, ""formation_energy_per_atom_eV"": -0.827083558444443, ""is_metal"": false, ""energy_above_hull_eV"": 0.0, ""is_stable"": true}",gemini,exp3_hard_verify_override,1770629456.751712,False,
mp-27358,"{""material_id"": ""mp-27358"", ""band_gap_eV"": 2.9034, ""formation_energy_per_atom_eV"": -1.022062649955356, ""is_metal"": false, ""energy_above_hull_eV"": 0.0, ""is_stable"": true}",gemini,exp3_hard_verify_override,1770629456.75178,False,
mp-754815,"{""material_id"": ""mp-754815"", ""band_gap_eV"": 3.9765, ""formation_energy_per_atom_eV"": -2.30537281125, ""is_metal"": false, ""energy_above_hull_eV"": 0.0, ""is_stable"": true}",gemini,exp3_hard_verify_override,1770629456.751849,False,
mp-568263,"{""material_id"": ""mp-568263"", ""band_gap_eV"": 1.2121, ""formation_energy_per_atom_eV"": -0.69001870828125, ""is_metal"": false, ""energy_above_hull_eV"": 0.0, ""is_stable"": true}",gemini,exp3_hard_verify_override,1770629456.751918,False,
mp-1025522,"{""material_id"": ""mp-1025522"", ""band_gap_eV"": 0.6759, ""formation_energy_per_atom_eV"": -1.16212, ""is_metal"": false, ""energy_above_hull_eV"": 0.0, ""is_stable"": true}",gemini,exp3_hard_verify_override,1770629456.751987,False,
mp-571011,"{""material_id"": ""mp-571011"", ""band_gap_eV"": 1.7836, ""formation_energy_per_atom_eV"": -0.975770047431038, ""is_metal"": false, ""energy_above_hull_eV"": 0.0, ""is_stable"": true}",gemini,exp3_hard_verify_override,1770629456.752053,False,
mp-28044,"{""material_id"": ""mp-28044"", ""band_gap_eV"": 4.918, ""formation_energy_per_atom_eV"": -2.512653630624999, ""is_metal"": false, ""energy_above_hull_eV"": 0.0, ""is_stable"": true}",gemini,exp3_hard_verify_override,1770629456.75212,False,
mp-1217322,"{""material_id"": ""mp-1217322"", ""band_gap_eV"": 0.7062, ""formation_energy_per_atom_eV"": -0.010930726197914, ""is_metal"": false, ""energy_above_hull_eV"": 0.0, ""is_stable"": true}",gemini,exp3_hard_verify_override,1770629456.752192,False,
mp-541155,"{""material_id"": ""mp-541155"", ""band_gap_eV"": 0.9239, ""formation_energy_per_atom_eV"": -0.9510626575, ""is_metal"": false, ""energy_above_hull_eV"": 0.0, ""is_stable"": true}",gemini,exp3_hard_verify_override,1770629456.752259,False,
mp-19,"{""material_id"": ""mp-19"", ""band_gap_eV"": 0.1856, ""formation_energy_per_atom_eV"": 0.0, ""is_metal"": false, ""energy_above_hull_eV"": 0.0, ""is_stable"": true}",gemini,exp3_hard_verify_override,1770629456.7523258,False,
mp-22885,"{""material_id"": ""mp-22885"", ""band_gap_eV"": 2.6862, ""formation_energy_per_atom_eV"": -0.7818107566666681, ""is_metal"": false, ""energy_above_hull_eV"": 0.0, ""is_stable"": true}",gemini,exp3_hard_verify_override,1770629456.752394,False,
mp-20652,"{""material_id"": ""mp-20652"", ""band_gap_eV"": 1.9078, ""formation_energy_per_atom_eV"": -2.26442824375, ""is_metal"": false, ""energy_above_hull_eV"": 0.0, ""is_stable"": true}",gemini,exp3_hard_verify_override,1770629456.75246,False,
mp-27857,"{""material_id"": ""mp-27857"", ""band_gap_eV"": 0.9792, ""formation_energy_per_atom_eV"": -0.694771309999999, ""is_metal"": false, ""energy_above_hull_eV"": 0.0, ""is_stable"": true}",gemini,exp3_hard_verify_override,1770629456.752526,False,
mp-985829,"{""material_id"": ""mp-985829"", ""band_gap_eV"": 1.2237, ""formation_energy_per_atom_eV"": -1.806995168541668, ""is_metal"": false, ""energy_above_hull_eV"": 0.0, ""is_stable"": true}",gemini,exp3_hard_verify_override,1770629456.752594,False,
mp-30034,"{""material_id"": ""mp-30034"", ""band_gap_eV"": 4.4707, ""formation_energy_per_atom_eV"": -1.853706801666665, ""is_metal"": false, ""energy_above_hull_eV"": 0.0, ""is_stable"": true}",gemini,exp3_hard_verify_override,1770629456.7526588,False,
mp-22881,"{""material_id"": ""mp-22881"", ""band_gap_eV"": 3.5244, ""formation_energy_per_atom_eV"": -1.2745155149999992, ""is_metal"": false, ""energy_above_hull_eV"": 0.0, ""is_stable"": true}",gemini,exp3_hard_verify_override,1770629456.752725,False,
mp-32755,"{""material_id"": ""mp-32755"", ""band_gap_eV"": 1.0395, ""formation_energy_per_atom_eV"": -1.857414943749999, ""is_metal"": false, ""energy_above_hull_eV"": 0.0, ""is_stable"": true}",gemini,exp3_hard_verify_override,1770629456.7527921,False,
mp-2715,"{""material_id"": ""mp-2715"", ""band_gap_eV"": 0.1723, ""formation_energy_per_atom_eV"": -0.290117705833334, ""is_metal"": false, ""energy_above_hull_eV"": 0.0, ""is_stable"": true}",gemini,exp3_hard_verify_override,1770629456.7529569,False,
mp-504759,"{""material_id"": ""mp-504759"", ""band_gap_eV"": 0.9911, ""formation_energy_per_atom_eV"": -2.631161137083333, ""is_metal"": false, ""energy_above_hull_eV"": 0.0, ""is_stable"": true}",gemini,exp3_hard_verify_override,1770629456.753031,False,
mp-1525121,"{""material_id"": ""mp-1525121"", ""band_gap_eV"": 1.6874, ""formation_energy_per_atom_eV"": 0.0, ""is_metal"": false, ""energy_above_hull_eV"": 0.0, ""is_stable"": true}",gemini,exp3_hard_verify_override,1770629456.753097,False,
mp-865194,"{""material_id"": ""mp-865194"", ""band_gap_eV"": 5.3798, ""formation_energy_per_atom_eV"": -4.181989037499999, ""is_metal"": false, ""energy_above_hull_eV"": 0.0, ""is_stable"": true}",gemini,exp3_hard_verify_override,1770629456.7531662,False,
mp-541610,"{""material_id"": ""mp-541610"", ""band_gap_eV"": 2.597, ""formation_energy_per_atom_eV"": -0.927984858749999, ""is_metal"": false, ""energy_above_hull_eV"": 0.0, ""is_stable"": true}",gemini,exp3_hard_verify_override,1770629456.7532318,False,
mp-28933,"{""material_id"": ""mp-28933"", ""band_gap_eV"": 1.7587, ""formation_energy_per_atom_eV"": -0.1986951365, ""is_metal"": false, ""energy_above_hull_eV"": 0.0, ""is_stable"": true}",gemini,exp3_hard_verify_override,1770629456.753302,False,
mp-23205,"{""material_id"": ""mp-23205"", ""band_gap_eV"": 3.6162, ""formation_energy_per_atom_eV"": -1.3037782916666671, ""is_metal"": false, ""energy_above_hull_eV"": 0.0, ""is_stable"": true}",gemini,exp3_hard_verify_override,1770629456.753369,False,
mp-985831,"{""material_id"": ""mp-985831"", ""band_gap_eV"": 0.5342, ""formation_energy_per_atom_eV"": -1.564946299374999, ""is_metal"": false, ""energy_above_hull_eV"": 0.0, ""is_stable"": true}",gemini,exp3_hard_verify_override,1770629456.7534342,False,
mp-540829,"{""material_id"": ""mp-540829"", ""band_gap_eV"": 0.7102, ""formation_energy_per_atom_eV"": -1.872036438333334, ""is_metal"": false, ""energy_above_hull_eV"": 0.0, ""is_stable"": true}",gemini,exp3_hard_verify_override,1770629456.7534988,False,
mp-1525632,"{""material_id"": ""mp-1525632"", ""band_gap_eV"": 2.8979, ""formation_energy_per_atom_eV"": 0.0, ""is_metal"": false, ""energy_above_hull_eV"": 0.0, ""is_stable"": true}",gemini,exp3_hard_verify_override,1770629456.753564,False,
mp-573815,"{""material_id"": ""mp-573815"", ""band_gap_eV"": 0.947, ""formation_energy_per_atom_eV"": -0.348767611458335, ""is_metal"": false, ""energy_above_hull_eV"": 0.0, ""is_stable"": true}",gemini,exp3_hard_verify_override,1770629456.753632,False,
mp-607450,"{""material_id"": ""mp-607450"", ""band_gap_eV"": 0.229, ""formation_energy_per_atom_eV"": -0.235972947500002, ""is_metal"": false, ""energy_above_hull_eV"": 0.0, ""is_stable"": true}",gemini,exp3_hard_verify_override,1770629456.753702,False,
mp-23162,"{""material_id"": ""mp-23162"", ""band_gap_eV"": 1.0479, ""formation_energy_per_atom_eV"": -1.87860569, ""is_metal"": false, ""energy_above_hull_eV"": 0.0, ""is_stable"": true}",gemini,exp3_hard_verify_override,1770629456.7537978,False,
mp-2402,"{""material_id"": ""mp-2402"", ""band_gap_eV"": 1.1286, ""formation_energy_per_atom_eV"": -0.069361268125, ""is_metal"": false, ""energy_above_hull_eV"": 0.0, ""is_stable"": true}",gemini,exp3_hard_verify_override,1770629456.753867,False,
mp-9922,"{""material_id"": ""mp-9922"", ""band_gap_eV"": 1.1326, ""formation_energy_per_atom_eV"": -1.373804485859373, ""is_metal"": false, ""energy_above_hull_eV"": 0.0, ""is_stable"": true}",gemini,exp3_hard_verify_override,1770629456.75396,False,
mp-1545216,"{""material_id"": ""mp-1545216"", ""band_gap_eV"": 0.4836, ""formation_energy_per_atom_eV"": -0.907728662126436, ""is_metal"": false, ""energy_above_hull_eV"": 0.0, ""is_stable"": true}",gemini,exp3_hard_verify_override,1770629456.754029,False,
mp-1968,"{""material_id"": ""mp-1968"", ""band_gap_eV"": 3.8248, ""formation_energy_per_atom_eV"": -3.8759289195, ""is_metal"": false, ""energy_above_hull_eV"": 0.0, ""is_stable"": true}",gemini,exp3_hard_verify_override,1770629456.754097,False,
mp-29711,"{""material_id"": ""mp-29711"", ""band_gap_eV"": 0.6389, ""formation_energy_per_atom_eV"": -0.444227307333335, ""is_metal"": false, ""energy_above_hull_eV"": 0.0, ""is_stable"": true}",gemini,exp3_hard_verify_override,1770629456.754163,False,
mp-2133,"{""material_id"": ""mp-2133"", ""band_gap_eV"": 0.7227, ""formation_energy_per_atom_eV"": -1.7908991124999991, ""is_metal"": false, ""energy_above_hull_eV"": 0.0, ""is_stable"": true}",gemini,exp3_hard_verify_override,1770629456.75423,False,
mp-1185959,"{""material_id"": ""mp-1185959"", ""band_gap_eV"": 1.133699999999999, ""formation_energy_per_atom_eV"": -1.154441889999999, ""is_metal"": false, ""energy_above_hull_eV"": 0.0, ""is_stable"": true}",gemini,exp3_hard_verify_override,1770629456.7542982,False,
mp-985278,"{""material_id"": ""mp-985278"", ""band_gap_eV"": 6.0693, ""formation_energy_per_atom_eV"": -4.467987469375, ""is_metal"": false, ""energy_above_hull_eV"": 0.0, ""is_stable"": true}",gemini,exp3_hard_verify_override,1770629456.754475,False,
mp-23710,"{""material_id"": ""mp-23710"", ""band_gap_eV"": 3.7097, ""formation_energy_per_atom_eV"": -0.2827190725, ""is_metal"": false, ""energy_above_hull_eV"": 0.0, ""is_stable"": true}",gemini,exp3_hard_verify_override,1770629456.7545521,False,
mp-341,"{""material_id"": ""mp-341"", ""band_gap_eV"": 1.9022, ""formation_energy_per_atom_eV"": -1.990905017999998, ""is_metal"": false, ""energy_above_hull_eV"": 0.0, ""is_stable"": true}",gemini,exp3_hard_verify_override,1770629456.754626,False,
mp-32800,"{""material_id"": ""mp-32800"", ""band_gap_eV"": 2.2962, ""formation_energy_per_atom_eV"": -2.4930635934375, ""is_metal"": false, ""energy_above_hull_eV"": 0.0, ""is_stable"": true}",gemini,exp3_hard_verify_override,1770629456.7546968,False,
mp-685014,"{""material_id"": ""mp-685014"", ""band_gap_eV"": 2.0644, ""formation_energy_per_atom_eV"": -1.068962764541666, ""is_metal"": false, ""energy_above_hull_eV"": 0.0, ""is_stable"": true}",gemini,exp3_hard_verify_override,1770629456.754889,False,
mp-559798,"{""material_id"": ""mp-559798"", ""band_gap_eV"": 4.9116, ""formation_energy_per_atom_eV"": -2.23065729, ""is_metal"": false, ""energy_above_hull_eV"": 0.0, ""is_stable"": true}",gemini,exp3_hard_verify_override,1770629456.755028,False,
mp-1080821,"{""material_id"": ""mp-1080821"", ""band_gap_eV"": 0.7896, ""formation_energy_per_atom_eV"": -3.19318655375, ""is_metal"": false, ""energy_above_hull_eV"": 0.0, ""is_stable"": true}",gemini,exp3_hard_verify_override,1770629456.7551239,False,
mp-540625,"{""material_id"": ""mp-540625"", ""band_gap_eV"": 1.7063, ""formation_energy_per_atom_eV"": -0.5793224153125001, ""is_metal"": false, ""energy_above_hull_eV"": 0.0, ""is_stable"": true}",gemini,exp3_hard_verify_override,1770629456.755233,False,
mp-1025442,"{""material_id"": ""mp-1025442"", ""band_gap_eV"": 1.3847, ""formation_energy_per_atom_eV"": -0.4409697, ""is_metal"": false, ""energy_above_hull_eV"": 0.0, ""is_stable"": true}",gemini,exp3_hard_verify_override,1770629456.755306,False,
mp-556911,"{""material_id"": ""mp-556911"", ""band_gap_eV"": 1.6921, ""formation_energy_per_atom_eV"": -2.590574678333332, ""is_metal"": false, ""energy_above_hull_eV"": 0.0, ""is_stable"": true}",gemini,exp3_hard_verify_override,1770629456.755379,False,
mp-23263,"{""material_id"": ""mp-23263"", ""band_gap_eV"": 2.9266, ""formation_energy_per_atom_eV"": -2.423042803749999, ""is_metal"": false, ""energy_above_hull_eV"": 0.0, ""is_stable"": true}",gemini,exp3_hard_verify_override,1770629456.755457,False,
mp-16911,"{""material_id"": ""mp-16911"", ""band_gap_eV"": 1.9539, ""formation_energy_per_atom_eV"": -0.955290041071428, ""is_metal"": false, ""energy_above_hull_eV"": 0.0, ""is_stable"": true}",gemini,exp3_hard_verify_override,1770629456.755527,False,
mp-1705,"{""material_id"": ""mp-1705"", ""band_gap_eV"": 0.5057, ""formation_energy_per_atom_eV"": -1.74803409, ""is_metal"": false, ""energy_above_hull_eV"": 0.0, ""is_stable"": true}",gemini,exp3_hard_verify_override,1770629456.75562,False,
mp-561197,"{""material_id"": ""mp-561197"", ""band_gap_eV"": 5.5366, ""formation_energy_per_atom_eV"": -3.404466658305554, ""is_metal"": false, ""energy_above_hull_eV"": 0.0, ""is_stable"": true}",gemini,exp3_hard_verify_override,1770629456.755687,False,
mp-23183,"{""material_id"": ""mp-23183"", ""band_gap_eV"": 4.2998, ""formation_energy_per_atom_eV"": -2.58590555625, ""is_metal"": false, ""energy_above_hull_eV"": 0.0, ""is_stable"": true}",gemini,exp3_hard_verify_override,1770629456.755754,False,
mp-23280,"{""material_id"": ""mp-23280"", ""band_gap_eV"": 3.9873, ""formation_energy_per_atom_eV"": -0.755685861249999, ""is_metal"": false, ""energy_above_hull_eV"": 0.0, ""is_stable"": true}",gemini,exp3_hard_verify_override,1770629456.75582,False,
mp-1524462,"{""material_id"": ""mp-1524462"", ""band_gap_eV"": 2.7061, ""formation_energy_per_atom_eV"": 0.0, ""is_metal"": false, ""energy_above_hull_eV"": 0.0, ""is_stable"": true}",gemini,exp3_hard_verify_override,1770629456.755886,False,
mp-706630,"{""material_id"": ""mp-706630"", ""band_gap_eV"": 3.6061, ""formation_energy_per_atom_eV"": -0.095264628645833, ""is_metal"": false, ""energy_above_hull_eV"": 0.0, ""is_stable"": true}",gemini,exp3_hard_verify_override,1770629456.7559521,False,
mp-541837,"{""material_id"": ""mp-541837"", ""band_gap_eV"": 0.3769, ""formation_energy_per_atom_eV"": -0.434076935437502, ""is_metal"": false, ""energy_above_hull_eV"": 0.0, ""is_stable"": true}",gemini,exp3_hard_verify_override,1770629456.756017,False,
mp-1819,"{""material_id"": ""mp-1819"", ""band_gap_eV"": 2.0288, ""formation_energy_per_atom_eV"": -1.83900664625, ""is_metal"": false, ""energy_above_hull_eV"": 0.0, ""is_stable"": true}",gemini,exp3_hard_verify_override,1770629456.756083,False,
mp-7988,"{""material_id"": ""mp-7988"", ""band_gap_eV"": 0.583199999999999, ""formation_energy_per_atom_eV"": -1.180246544770117, ""is_metal"": false, ""energy_above_hull_eV"": 0.0, ""is_stable"": true}",gemini,exp3_hard_verify_override,1770629456.756154,False,
mp-2049132,"{""material_id"": ""mp-2049132"", ""band_gap_eV"": 0.2163, ""formation_energy_per_atom_eV"": -0.298604841, ""is_metal"": false, ""energy_above_hull_eV"": 0.0, ""is_stable"": true}",gemini,exp3_hard_verify_override,1770629456.7562208,False,
mp-7943,"{""material_id"": ""mp-7943"", ""band_gap_eV"": 0.3285, ""formation_energy_per_atom_eV"": -0.588209097083334, ""is_metal"": false, ""energy_above_hull_eV"": 0.0, ""is_stable"": true}",gemini,exp3_hard_verify_override,1770629456.756286,False,
mp-30792,"{""material_id"": ""mp-30792"", ""band_gap_eV"": 0.1566, ""formation_energy_per_atom_eV"": -0.269950954999998, ""is_metal"": false, ""energy_above_hull_eV"": 0.0, ""is_stable"": true}",gemini,exp3_hard_verify_override,1770629456.756352,False,
mp-352,"{""material_id"": ""mp-352"", ""band_gap_eV"": 4.0165, ""formation_energy_per_atom_eV"": -4.019811040833332, ""is_metal"": false, ""energy_above_hull_eV"": 0.0, ""is_stable"": true}",gemini,exp3_hard_verify_override,1770629456.7565172,False,
mp-15954,"{""material_id"": ""mp-15954"", ""band_gap_eV"": 0.2625, ""formation_energy_per_atom_eV"": -0.5725928316666651, ""is_metal"": false, ""energy_above_hull_eV"": 0.0, ""is_stable"": true}",gemini,exp3_hard_verify_override,1770629456.7565892,False,
mp-23165,"{""material_id"": ""mp-23165"", ""band_gap_eV"": 0.8929, ""formation_energy_per_atom_eV"": -0.6577550981249981, ""is_metal"": false, ""energy_above_hull_eV"": 0.0, ""is_stable"": true}",gemini,exp3_hard_verify_override,1770629456.756657,False,
mp-2251,"{""material_id"": ""mp-2251"", ""band_gap_eV"": 0.984, ""formation_energy_per_atom_eV"": -0.4825014221875, ""is_metal"": false, ""energy_above_hull_eV"": 0.0, ""is_stable"": true}",gemini,exp3_hard_verify_override,1770629456.756723,False,
mp-181,"{""material_id"": ""mp-181"", ""band_gap_eV"": 0.216299999999999, ""formation_energy_per_atom_eV"": -0.1726160249375, ""is_metal"": false, ""energy_above_hull_eV"": 0.0, ""is_stable"": true}",gemini,exp3_hard_verify_override,1770629456.756789,False,
mp-2340,"{""material_id"": ""mp-2340"", ""band_gap_eV"": 1.7361, ""formation_energy_per_atom_eV"": -1.2980963948563211, ""is_metal"": false, ""energy_above_hull_eV"": 0.0, ""is_stable"": true}",gemini,exp3_hard_verify_override,1770629456.756856,False,
mp-1443,"{""material_id"": ""mp-1443"", ""band_gap_eV"": 3.1684, ""formation_energy_per_atom_eV"": -2.537928646818182, ""is_metal"": false, ""energy_above_hull_eV"": 0.0, ""is_stable"": true}",gemini,exp3_hard_verify_override,1770629456.756922,False,
mp-2697,"{""material_id"": ""mp-2697"", ""band_gap_eV"": 2.8495, ""formation_energy_per_atom_eV"": -2.204479133333331, ""is_metal"": false, ""energy_above_hull_eV"": 0.0, ""is_stable"": true}",gemini,exp3_hard_verify_override,1770629456.756993,False,
mp-680463,"{""material_id"": ""mp-680463"", ""band_gap_eV"": 0.3914, ""formation_energy_per_atom_eV"": -0.157726345384613, ""is_metal"": false, ""energy_above_hull_eV"": 0.0, ""is_stable"": true}",gemini,exp3_hard_verify_override,1770629456.75706,False,
mp-542810,"{""material_id"": ""mp-542810"", ""band_gap_eV"": 1.9674, ""formation_energy_per_atom_eV"": -0.159580558906249, ""is_metal"": false, ""energy_above_hull_eV"": 0.0, ""is_stable"": true}",gemini,exp3_hard_verify_override,1770629456.7571268,False,
mp-971787,"{""material_id"": ""mp-971787"", ""band_gap_eV"": 1.1332, ""formation_energy_per_atom_eV"": -1.208906696666668, ""is_metal"": false, ""energy_above_hull_eV"": 0.0, ""is_stable"": true}",gemini,exp3_hard_verify_override,1770629456.7571929,False,
mp-1105,"{""material_id"": ""mp-1105"", ""band_gap_eV"": 2.2352, ""formation_energy_per_atom_eV"": -2.170192663333334, ""is_metal"": false, ""energy_above_hull_eV"": 0.0, ""is_stable"": true}",gemini,exp3_hard_verify_override,1770629456.757259,False,
