mp_id,property,tool_value,raw_output,model,experiment,ts
mp-619575,band_gap,2.5175,2.5175,gemini,exp2_grounded_noverify,1770617002.058079
mp-619575,formation_energy_per_atom,-0.6182932559375001,-0.6182932559375001,gemini,exp2_grounded_noverify,1770617003.4174259
mp-9851,band_gap,0.1063,0.1063,gemini,exp2_grounded_noverify,1770617004.648097
mp-9851,formation_energy_per_atom,-0.630045229146825,-0.630045229146825,gemini,exp2_grounded_noverify,1770617006.101043
mp-2793,band_gap,0.262799999999999,0.262799999999999,gemini,exp2_grounded_noverify,1770617007.411114
mp-2793,formation_energy_per_atom,-0.140219074531245,-0.140219074531245,gemini,exp2_grounded_noverify,1770617008.740623
mp-23184,band_gap,4.7135,4.7135,gemini,exp2_grounded_noverify,1770617010.119298
mp-23184,formation_energy_per_atom,-1.0426612775,-1.0426612775,gemini,exp2_grounded_noverify,1770617011.4046311
mp-1213622,band_gap,0.5263,0.5263,gemini,exp2_grounded_noverify,1770617012.747572
mp-1213622,formation_energy_per_atom,-1.5970489985714291,-1.5970489985714291,gemini,exp2_grounded_noverify,1770617014.069299
mp-30140,band_gap,4.1443,4.1443,gemini,exp2_grounded_noverify,1770617015.201795
mp-30140,formation_energy_per_atom,-0.836349655000001,-0.836349655000001,gemini,exp2_grounded_noverify,1770617016.5375922
mp-1232276,band_gap,0.4328,0.4328,gemini,exp2_grounded_noverify,1770617017.650471
mp-1232276,formation_energy_per_atom,-2.021422001041666,-2.021422001041666,gemini,exp2_grounded_noverify,1770617019.083957
mp-1227290,band_gap,0.1101,0.1101,gemini,exp2_grounded_noverify,1770617020.309917
mp-1227290,formation_energy_per_atom,-0.006925372499999,-0.006925372499999,gemini,exp2_grounded_noverify,1770617021.64462
mp-1170,band_gap,1.514799999999999,1.514799999999999,gemini,exp2_grounded_noverify,1770617022.942474
mp-1170,formation_energy_per_atom,-0.473969728541665,-0.473969728541665,gemini,exp2_grounded_noverify,1770617024.513749
mp-32633,band_gap,0.5265000000000001,0.5265000000000001,gemini,exp2_grounded_noverify,1770617025.639192
mp-32633,formation_energy_per_atom,-1.930073411158088,-1.930073411158088,gemini,exp2_grounded_noverify,1770617027.073493
mp-1195922,band_gap,0.376,0.376,gemini,exp2_grounded_noverify,1770617028.506733
mp-1195922,formation_energy_per_atom,-0.417257172291664,-0.417257172291664,gemini,exp2_grounded_noverify,1770617029.940188
mp-254,band_gap,7.6164,7.6164,gemini,exp2_grounded_noverify,1770617031.579951
mp-254,formation_energy_per_atom,-4.452365858958333,-4.452365858958333,gemini,exp2_grounded_noverify,1770617033.011179
mp-18299,band_gap,0.2155,0.2155,gemini,exp2_grounded_noverify,1770617034.457918
mp-18299,formation_energy_per_atom,-3.992617684583336,-3.992617684583336,gemini,exp2_grounded_noverify,1770617035.87728
mp-23185,band_gap,2.8624,2.8624,gemini,exp2_grounded_noverify,1770617037.177352
mp-23185,formation_energy_per_atom,-0.857616325999999,-0.857616325999999,gemini,exp2_grounded_noverify,1770617038.6515892
mp-23290,band_gap,1.7917,1.7917,gemini,exp2_grounded_noverify,1770617039.8270788
mp-23290,formation_energy_per_atom,-0.475064009999998,-0.475064009999998,gemini,exp2_grounded_noverify,1770617041.1282592
mp-30031,band_gap,3.8971,3.8971,gemini,exp2_grounded_noverify,1770617042.637522
mp-30031,formation_energy_per_atom,-1.89441126,-1.89441126,gemini,exp2_grounded_noverify,1770617044.074583
mp-555908,band_gap,2.2721,2.2721,gemini,exp2_grounded_noverify,1770617045.354107
mp-555908,formation_energy_per_atom,-2.341685073333334,-2.341685073333334,gemini,exp2_grounded_noverify,1770617046.736154
mp-22398,band_gap,3.1061,3.1061,gemini,exp2_grounded_noverify,1770617048.0544078
mp-22398,formation_energy_per_atom,-2.648772015416667,-2.648772015416667,gemini,exp2_grounded_noverify,1770617049.218817
mp-27628,band_gap,1.3552,1.3552,gemini,exp2_grounded_noverify,1770617050.7564569
mp-27628,formation_energy_per_atom,-0.3329571455,-0.3329571455,gemini,exp2_grounded_noverify,1770617052.059969
mp-1212833,band_gap,0.3912,0.3912,gemini,exp2_grounded_noverify,1770617053.3151581
mp-1212833,formation_energy_per_atom,-0.299415060454546,-0.299415060454546,gemini,exp2_grounded_noverify,1770617054.725368
mp-571518,band_gap,1.9169,1.9169,gemini,exp2_grounded_noverify,1770617056.157505
mp-571518,formation_energy_per_atom,-0.946381717857144,-0.946381717857144,gemini,exp2_grounded_noverify,1770617057.692608
mp-9852,band_gap,0.1259,0.1259,gemini,exp2_grounded_noverify,1770617058.928659
mp-9852,formation_energy_per_atom,-0.616732226646824,-0.616732226646824,gemini,exp2_grounded_noverify,1770617060.802217
mp-34202,band_gap,0.3388,0.3388,gemini,exp2_grounded_noverify,1770617061.99861
mp-34202,formation_energy_per_atom,-0.274401004000003,-0.274401004000003,gemini,exp2_grounded_noverify,1770617063.234613
mp-570796,band_gap,1.537399999999999,1.537399999999999,gemini,exp2_grounded_noverify,1770617064.5717309
mp-570796,formation_energy_per_atom,-0.7330447383333331,-0.7330447383333331,gemini,exp2_grounded_noverify,1770617066.024168
mp-1195,band_gap,1.8930999999999991,1.8930999999999991,gemini,exp2_grounded_noverify,1770617067.4329548
mp-1195,formation_energy_per_atom,-0.50608046735294,-0.50608046735294,gemini,exp2_grounded_noverify,1770617069.361303
mp-672204,band_gap,0.378699999999999,0.3787,gemini,exp2_grounded_noverify,1770617070.753238
mp-672204,formation_energy_per_atom,-0.400380674374999,-0.400380674374999,gemini,exp2_grounded_noverify,1770617072.23503
mp-29179,band_gap,3.1002,3.1002,gemini,exp2_grounded_noverify,1770617073.69486
mp-29179,formation_energy_per_atom,-1.055039141666666,-1.055039141666666,gemini,exp2_grounded_noverify,1770617075.12626
mp-1205121,band_gap,0.2452,0.2452,gemini,exp2_grounded_noverify,1770617076.836191
mp-1205121,formation_energy_per_atom,-0.510760389375001,-0.510760389375001,gemini,exp2_grounded_noverify,1770617078.167733
mp-10497,band_gap,2.2919,2.2919,gemini,exp2_grounded_noverify,1770617079.533458
mp-10497,formation_energy_per_atom,-0.127321634999998,-0.127321634999998,gemini,exp2_grounded_noverify,1770617080.700202
mp-27148,band_gap,0.836199999999999,0.8362,gemini,exp2_grounded_noverify,1770617081.982534
mp-27148,formation_energy_per_atom,-0.319383066011903,-0.319383066011903,gemini,exp2_grounded_noverify,1770617083.289689
mp-1545417,band_gap,0.7358999999999991,0.7358999999999991,gemini,exp2_grounded_noverify,1770617084.658188
mp-1545417,formation_energy_per_atom,-1.718154452499998,-1.718154452499998,gemini,exp2_grounded_noverify,1770617085.9310231
mp-1203760,band_gap,1.0648,1.0648,gemini,exp2_grounded_noverify,1770617087.220164
mp-1203760,formation_energy_per_atom,-0.553621656590911,-0.553621656590911,gemini,exp2_grounded_noverify,1770617088.496465
mp-470,band_gap,1.2157,1.2157,gemini,exp2_grounded_noverify,1770617089.77679
mp-470,formation_energy_per_atom,-2.156655663333334,-2.156655663333334,gemini,exp2_grounded_noverify,1770617091.167125
mp-16922,band_gap,0.3248,0.3248,gemini,exp2_grounded_noverify,1770617092.407176
mp-16922,formation_energy_per_atom,-0.962356391249998,-0.962356391249998,gemini,exp2_grounded_noverify,1770617093.5907578
mp-624,band_gap,2.6454,2.6454,gemini,exp2_grounded_noverify,1770617095.0730119
mp-624,formation_energy_per_atom,-0.209188941071428,-0.209188941071428,gemini,exp2_grounded_noverify,1770617096.497735
mp-22859,band_gap,1.6513,1.6513,gemini,exp2_grounded_noverify,1770617097.9333959
mp-22859,formation_energy_per_atom,-0.443566703750002,-0.443566703750002,gemini,exp2_grounded_noverify,1770617099.470167
mp-31050,band_gap,3.6753,3.6753,gemini,exp2_grounded_noverify,1770617101.315136
mp-31050,formation_energy_per_atom,-0.30258604611111,-0.30258604611111,gemini,exp2_grounded_noverify,1770617102.781743
mp-541013,band_gap,1.0859,1.0859,gemini,exp2_grounded_noverify,1770617104.307959
mp-541013,formation_energy_per_atom,-1.031189425666664,-1.031189425666664,gemini,exp2_grounded_noverify,1770617105.83918
mp-18536,band_gap,0.208499999999999,0.2085,gemini,exp2_grounded_noverify,1770617107.2310479
mp-18536,formation_energy_per_atom,-1.128947433749999,-1.128947433749999,gemini,exp2_grounded_noverify,1770617108.7305212
mp-200,band_gap,0.861699999999999,0.861699999999999,gemini,exp2_grounded_noverify,1770617110.124806
mp-200,formation_energy_per_atom,-0.514802012604166,-0.514802012604166,gemini,exp2_grounded_noverify,1770617111.82894
mp-23261,band_gap,2.7278,2.7278,gemini,exp2_grounded_noverify,1770617113.231573
mp-23261,formation_energy_per_atom,-0.7564620653571411,-0.7564620653571411,gemini,exp2_grounded_noverify,1770617114.5261629
mp-7440,band_gap,0.8684000000000001,0.8684000000000001,gemini,exp2_grounded_noverify,1770617115.857574
mp-7440,formation_energy_per_atom,-0.499863119613094,-0.499863119613094,gemini,exp2_grounded_noverify,1770617117.386993
mp-569867,band_gap,0.378,0.378,gemini,exp2_grounded_noverify,1770617118.7873971
mp-569867,formation_energy_per_atom,-0.7546754528571421,-0.7546754528571421,gemini,exp2_grounded_noverify,1770617120.4639459
mp-1205852,band_gap,0.8523000000000001,0.8523000000000001,gemini,exp2_grounded_noverify,1770617121.8970938
mp-1205852,formation_energy_per_atom,-2.094997655499997,-2.094997655499997,gemini,exp2_grounded_noverify,1770617123.32918
mp-28483,band_gap,1.069899999999999,1.0699,gemini,exp2_grounded_noverify,1770617124.660959
mp-28483,formation_energy_per_atom,-0.9345107228571432,-0.9345107228571432,gemini,exp2_grounded_noverify,1770617125.998833
mp-561664,band_gap,4.0186,4.0186,gemini,exp2_grounded_noverify,1770617127.478424
mp-561664,formation_energy_per_atom,-2.216336207,-2.216336207,gemini,exp2_grounded_noverify,1770617128.812466
mp-27871,band_gap,1.2584,1.2584,gemini,exp2_grounded_noverify,1770617130.196078
mp-27871,formation_energy_per_atom,-0.8457965725000001,-0.8457965725000001,gemini,exp2_grounded_noverify,1770617131.6314602
mp-680339,band_gap,0.755599999999999,0.755599999999999,gemini,exp2_grounded_noverify,1770617132.910789
mp-680339,formation_energy_per_atom,-0.28327900617555,-0.28327900617555,gemini,exp2_grounded_noverify,1770617134.1962938
mp-582753,band_gap,0.8007000000000001,0.8007000000000001,gemini,exp2_grounded_noverify,1770617135.619871
mp-582753,formation_energy_per_atom,-0.434993182323239,-0.434993182323239,gemini,exp2_grounded_noverify,1770617137.053455
mp-30092,band_gap,3.4576,3.4576,gemini,exp2_grounded_noverify,1770617138.38643
mp-30092,formation_energy_per_atom,-1.725360933333334,-1.725360933333334,gemini,exp2_grounded_noverify,1770617139.71177
mp-27161,band_gap,2.9118,2.9118,gemini,exp2_grounded_noverify,1770617141.149028
mp-27161,formation_energy_per_atom,-0.8721765856249991,-0.8721765856249991,gemini,exp2_grounded_noverify,1770617142.481102
mp-1018138,band_gap,1.037,1.037,gemini,exp2_grounded_noverify,1770617143.708477
mp-1018138,formation_energy_per_atom,-0.7411700000000001,-0.7411700000000001,gemini,exp2_grounded_noverify,1770617145.142532
mp-23155,band_gap,8.5132,8.5132,gemini,exp2_grounded_noverify,1770617146.4393542
mp-23155,formation_energy_per_atom,0.0,0.0,gemini,exp2_grounded_noverify,1770617147.805639
mp-1197742,band_gap,0.8515,0.8515,gemini,exp2_grounded_noverify,1770617148.93233
mp-1197742,formation_energy_per_atom,-0.327354584285715,-0.327354584285715,gemini,exp2_grounded_noverify,1770617150.258207
mp-647579,band_gap,3.2214,3.2214,gemini,exp2_grounded_noverify,1770617151.594841
mp-647579,formation_energy_per_atom,-1.267659339375001,-1.267659339375001,gemini,exp2_grounded_noverify,1770617152.8210912
mp-15649,band_gap,0.8155000000000001,0.8155000000000001,gemini,exp2_grounded_noverify,1770617154.188106
mp-15649,formation_energy_per_atom,-0.571072849166668,-0.571072849166668,gemini,exp2_grounded_noverify,1770617155.486275
mp-557993,band_gap,1.1596,1.1596,gemini,exp2_grounded_noverify,1770617156.820262
mp-557993,formation_energy_per_atom,-1.459764126666667,-1.459764126666667,gemini,exp2_grounded_noverify,1770617158.144772
mp-7904,band_gap,0.6551,0.6551,gemini,exp2_grounded_noverify,1770617159.365472
mp-7904,formation_energy_per_atom,-0.120742532380951,-0.120742532380951,gemini,exp2_grounded_noverify,1770617160.564779
mp-570738,band_gap,2.4744,2.4744,gemini,exp2_grounded_noverify,1770617161.934355
mp-570738,formation_energy_per_atom,-0.727731253611111,-0.727731253611111,gemini,exp2_grounded_noverify,1770617163.575238
mp-628742,band_gap,0.5845,0.5845,gemini,exp2_grounded_noverify,1770617164.909865
mp-628742,formation_energy_per_atom,-0.486485566153847,-0.486485566153847,gemini,exp2_grounded_noverify,1770617166.339844
mp-1204356,band_gap,1.8389,1.8389,gemini,exp2_grounded_noverify,1770617167.671472
mp-1204356,formation_energy_per_atom,-0.305946444868422,-0.305946444868422,gemini,exp2_grounded_noverify,1770617169.001045
mp-7262,band_gap,0.224099999999999,0.2241,gemini,exp2_grounded_noverify,1770617170.333073
mp-7262,formation_energy_per_atom,-0.148990749583333,-0.148990749583333,gemini,exp2_grounded_noverify,1770617171.767667
mp-28879,band_gap,1.1418,1.1418,gemini,exp2_grounded_noverify,1770617173.104697
mp-28879,formation_energy_per_atom,-1.057331754908424,-1.057331754908424,gemini,exp2_grounded_noverify,1770617174.380439
mp-27684,band_gap,1.099199999999999,1.099199999999999,gemini,exp2_grounded_noverify,1770617175.859803
mp-27684,formation_energy_per_atom,-0.932556454761906,-0.932556454761906,gemini,exp2_grounded_noverify,1770617177.91138
mp-541404,band_gap,0.7584000000000001,0.7584000000000001,gemini,exp2_grounded_noverify,1770617179.357436
mp-541404,formation_energy_per_atom,-2.522468176666668,-2.522468176666668,gemini,exp2_grounded_noverify,1770617180.686531
mp-1391848,band_gap,2.0863,2.0863,gemini,exp2_grounded_noverify,1770617182.0145762
mp-1391848,formation_energy_per_atom,-2.063723397142856,-2.063723397142856,gemini,exp2_grounded_noverify,1770617183.3382568
mp-1184796,band_gap,8.0745,8.0745,gemini,exp2_grounded_noverify,1770617184.9937458
mp-1184796,formation_energy_per_atom,-1.406990803749999,-1.406990803749999,gemini,exp2_grounded_noverify,1770617186.3762949
mp-9268,band_gap,0.7039000000000001,0.7039000000000001,gemini,exp2_grounded_noverify,1770617188.157995
mp-9268,formation_energy_per_atom,-1.167954419796875,-1.167954419796875,gemini,exp2_grounded_noverify,1770617189.894567
mp-540922,band_gap,0.1806,0.1806,gemini,exp2_grounded_noverify,1770617191.238564
mp-540922,formation_energy_per_atom,-0.450521733124998,-0.450521733124998,gemini,exp2_grounded_noverify,1770617192.6270201
mp-540675,band_gap,3.0664,3.0664,gemini,exp2_grounded_noverify,1770617193.991727
mp-540675,formation_energy_per_atom,-0.349825507562499,-0.349825507562499,gemini,exp2_grounded_noverify,1770617195.273671
mp-571235,band_gap,2.021,2.021,gemini,exp2_grounded_noverify,1770617196.680133
mp-571235,formation_energy_per_atom,-1.227871009333331,-1.227871009333331,gemini,exp2_grounded_noverify,1770617198.0905018
mp-1208424,band_gap,2.5242,2.5242,gemini,exp2_grounded_noverify,1770617199.522217
mp-1208424,formation_energy_per_atom,-0.812674219083331,-0.812674219083331,gemini,exp2_grounded_noverify,1770617200.94908
mp-27971,band_gap,5.0865,5.0865,gemini,exp2_grounded_noverify,1770617202.3841321
mp-27971,formation_energy_per_atom,-2.788094297499999,-2.788094297499999,gemini,exp2_grounded_noverify,1770617203.821414
mp-22909,band_gap,4.0533,4.0533,gemini,exp2_grounded_noverify,1770617205.1521869
mp-22909,formation_energy_per_atom,-1.291011926666667,-1.291011926666667,gemini,exp2_grounded_noverify,1770617206.688815
mp-556516,band_gap,0.7668,0.7668,gemini,exp2_grounded_noverify,1770617208.0198662
mp-556516,formation_energy_per_atom,-0.505116372129634,-0.505116372129634,gemini,exp2_grounded_noverify,1770617209.348295
mp-21526,band_gap,0.5708000000000001,0.5708000000000001,gemini,exp2_grounded_noverify,1770617210.788522
mp-21526,formation_energy_per_atom,-0.362189247187497,-0.362189247187497,gemini,exp2_grounded_noverify,1770617212.1167412
mp-1274279,band_gap,1.8157,1.8157,gemini,exp2_grounded_noverify,1770617213.449447
mp-1274279,formation_energy_per_atom,-1.481519387499999,-1.481519387499999,gemini,exp2_grounded_noverify,1770617214.9901881
mp-554855,band_gap,1.5712000000000002,1.5712000000000002,gemini,exp2_grounded_noverify,1770617216.6085918
mp-554855,formation_energy_per_atom,-2.60675029,-2.60675029,gemini,exp2_grounded_noverify,1770617217.84848
mp-510557,band_gap,4.2395,4.2395,gemini,exp2_grounded_noverify,1770617219.301398
mp-510557,formation_energy_per_atom,-0.216854790312499,-0.216854790312499,gemini,exp2_grounded_noverify,1770617220.655176
mp-27291,band_gap,0.155399999999999,0.155399999999999,gemini,exp2_grounded_noverify,1770617222.0027258
mp-27291,formation_energy_per_atom,-2.149853655000001,-2.149853655000001,gemini,exp2_grounded_noverify,1770617223.3775518
mp-568348,band_gap,1.8454,1.8454,gemini,exp2_grounded_noverify,1770617224.914627
mp-568348,formation_energy_per_atom,0.0,0.0,gemini,exp2_grounded_noverify,1770617226.350246
mp-2084,band_gap,0.9437999999999992,0.9437999999999992,gemini,exp2_grounded_noverify,1770617227.783359
mp-2084,formation_energy_per_atom,-0.6734596323437501,-0.6734596323437501,gemini,exp2_grounded_noverify,1770617228.908248
mp-995393,band_gap,2.1989,2.1989,gemini,exp2_grounded_noverify,1770617230.545366
mp-995393,formation_energy_per_atom,-0.612184769666665,-0.612184769666665,gemini,exp2_grounded_noverify,1770617231.814445
mp-1345,band_gap,0.3443,0.3443,gemini,exp2_grounded_noverify,1770617233.1887622
mp-1345,formation_energy_per_atom,-1.2564584531547611,-1.2564584531547611,gemini,exp2_grounded_noverify,1770617234.7451851
mp-1193140,band_gap,1.8661999999999992,1.8661999999999992,gemini,exp2_grounded_noverify,1770617236.178211
mp-1193140,formation_energy_per_atom,-0.743681253794641,-0.743681253794641,gemini,exp2_grounded_noverify,1770617237.509762
mp-29657,band_gap,0.665199999999999,0.6652,gemini,exp2_grounded_noverify,1770617238.841296
mp-29657,formation_energy_per_atom,-0.214525574374999,-0.214525574374999,gemini,exp2_grounded_noverify,1770617240.6845329
mp-23265,band_gap,2.0054,2.0054,gemini,exp2_grounded_noverify,1770617242.0147798
mp-23265,formation_energy_per_atom,-2.506313930624998,-2.506313930624998,gemini,exp2_grounded_noverify,1770617243.44838
mp-542812,band_gap,1.0066,1.0066,gemini,exp2_grounded_noverify,1770617244.782943
mp-542812,formation_energy_per_atom,-0.442993200833332,-0.442993200833332,gemini,exp2_grounded_noverify,1770617246.419528
mp-10802,band_gap,0.5879000000000001,0.5879000000000001,gemini,exp2_grounded_noverify,1770617247.854691
mp-10802,formation_energy_per_atom,-0.417557193125,-0.417557193125,gemini,exp2_grounded_noverify,1770617248.97967
mp-27725,band_gap,2.0942,2.0942,gemini,exp2_grounded_noverify,1770617250.311529
mp-27725,formation_energy_per_atom,-0.265866406249999,-0.265866406249999,gemini,exp2_grounded_noverify,1770617251.4371488
mp-1080428,band_gap,0.8728,0.8728,gemini,exp2_grounded_noverify,1770617252.665673
mp-1080428,formation_energy_per_atom,-1.326321304000006,-1.326321304000006,gemini,exp2_grounded_noverify,1770617253.998755
mp-569561,band_gap,3.1165,3.1165,gemini,exp2_grounded_noverify,1770617255.4305449
mp-569561,formation_energy_per_atom,-0.639768098499999,-0.639768098499999,gemini,exp2_grounded_noverify,1770617256.764338
mp-743,band_gap,4.1608,4.1608,gemini,exp2_grounded_noverify,1770617258.295688
mp-743,formation_energy_per_atom,-0.140204309375,-0.140204309375,gemini,exp2_grounded_noverify,1770617259.73176
mp-484,band_gap,0.4326,0.4326,gemini,exp2_grounded_noverify,1770617261.065376
mp-484,formation_energy_per_atom,-0.001508734,-0.001508734,gemini,exp2_grounded_noverify,1770617262.392103
mp-1864,band_gap,0.1139,0.1139,gemini,exp2_grounded_noverify,1770617263.623578
mp-1864,formation_energy_per_atom,-0.678575252480158,-0.678575252480158,gemini,exp2_grounded_noverify,1770617264.9526882
mp-30520,band_gap,1.667899999999999,1.667899999999999,gemini,exp2_grounded_noverify,1770617266.2181382
mp-30520,formation_energy_per_atom,-0.498485183452379,-0.498485183452379,gemini,exp2_grounded_noverify,1770617267.511769
mp-23221,band_gap,3.429599999999999,3.4296,gemini,exp2_grounded_noverify,1770617268.8441112
mp-23221,formation_energy_per_atom,-2.306216135416666,-2.306216135416666,gemini,exp2_grounded_noverify,1770617270.483575
mp-149,band_gap,0.6105,0.6105,gemini,exp2_grounded_noverify,1770617271.814954
mp-149,formation_energy_per_atom,0.0,0.0,gemini,exp2_grounded_noverify,1770617273.045965
mp-1863,band_gap,1.451899999999999,1.4519,gemini,exp2_grounded_noverify,1770617274.478899
mp-1863,formation_energy_per_atom,-0.119684392083333,-0.119684392083333,gemini,exp2_grounded_noverify,1770617275.822365
mp-1524446,band_gap,1.0487,1.0487,gemini,exp2_grounded_noverify,1770617277.552664
mp-1524446,formation_energy_per_atom,-1.452075918750001,-1.452075918750001,gemini,exp2_grounded_noverify,1770617278.779082
mp-730101,band_gap,9.7197,9.7197,gemini,exp2_grounded_noverify,1770617279.991393
mp-730101,formation_energy_per_atom,0.0,0.0,gemini,exp2_grounded_noverify,1770617281.337112
mp-31049,band_gap,3.4112,3.4112,gemini,exp2_grounded_noverify,1770617282.602344
mp-31049,formation_energy_per_atom,-3.159657924166664,-3.159657924166664,gemini,exp2_grounded_noverify,1770617283.906601
mp-573812,band_gap,1.4052,1.4052,gemini,exp2_grounded_noverify,1770617285.341824
mp-573812,formation_energy_per_atom,-0.28239570742611,-0.28239570742611,gemini,exp2_grounded_noverify,1770617286.81179
mp-1213805,band_gap,1.159,1.159,gemini,exp2_grounded_noverify,1770617288.1452138
mp-1213805,formation_energy_per_atom,-0.723041855833334,-0.723041855833334,gemini,exp2_grounded_noverify,1770617289.615328
mp-7188,band_gap,0.289899999999999,0.289899999999999,gemini,exp2_grounded_noverify,1770617291.091601
mp-7188,formation_energy_per_atom,-0.670291663333335,-0.670291663333335,gemini,exp2_grounded_noverify,1770617292.5017211
mp-680422,band_gap,2.9265,2.9265,gemini,exp2_grounded_noverify,1770617294.0369852
mp-680422,formation_energy_per_atom,-0.215968716874999,-0.215968716874999,gemini,exp2_grounded_noverify,1770617295.364453
mp-1683,band_gap,0.3979,0.3979,gemini,exp2_grounded_noverify,1770617296.597586
mp-1683,formation_energy_per_atom,-1.236771233046873,-1.236771233046873,gemini,exp2_grounded_noverify,1770617297.895052
mp-1100,band_gap,1.0375,1.0375,gemini,exp2_grounded_noverify,1770617299.258707
mp-1100,formation_energy_per_atom,-0.377014445,-0.377014445,gemini,exp2_grounded_noverify,1770617300.591232
mp-11054,band_gap,0.877899999999999,0.877899999999999,gemini,exp2_grounded_noverify,1770617301.717201
mp-11054,formation_energy_per_atom,-0.278649864374999,-0.278649864374999,gemini,exp2_grounded_noverify,1770617302.8434591
mp-306,band_gap,6.3017,6.3017,gemini,exp2_grounded_noverify,1770617303.9704351
mp-306,formation_energy_per_atom,-2.798056310000001,-2.798056310000001,gemini,exp2_grounded_noverify,1770617305.25821
mp-1018040,band_gap,2.5765,2.5765,gemini,exp2_grounded_noverify,1770617306.499985
mp-1018040,formation_energy_per_atom,-1.474296713671875,-1.474296713671875,gemini,exp2_grounded_noverify,1770617307.66634
mp-12957,band_gap,1.0933,1.0933,gemini,exp2_grounded_noverify,1770617308.883421
mp-12957,formation_energy_per_atom,0.0,0.0,gemini,exp2_grounded_noverify,1770617310.217141
mp-8377,band_gap,3.0604,3.0604,gemini,exp2_grounded_noverify,1770617311.5480168
mp-8377,formation_energy_per_atom,-1.4950600038888862,-1.4950600038888862,gemini,exp2_grounded_noverify,1770617312.855902
mp-23933,band_gap,2.197699999999999,2.197699999999999,gemini,exp2_grounded_noverify,1770617314.3111181
mp-23933,formation_energy_per_atom,-0.073632082812499,-0.073632082812499,gemini,exp2_grounded_noverify,1770617315.746036
mp-13568,band_gap,0.3379,0.3379,gemini,exp2_grounded_noverify,1770617317.182893
mp-13568,formation_energy_per_atom,-2.015935722708332,-2.015935722708332,gemini,exp2_grounded_noverify,1770617318.5113
mp-571442,band_gap,3.0417,3.0417,gemini,exp2_grounded_noverify,1770617319.533383
mp-571442,formation_energy_per_atom,-1.710965791249998,-1.710965791249998,gemini,exp2_grounded_noverify,1770617320.970072
mp-1154,band_gap,0.7510000000000001,0.7510000000000001,gemini,exp2_grounded_noverify,1770617322.299008
mp-1154,formation_energy_per_atom,-0.286120912954541,-0.286120912954541,gemini,exp2_grounded_noverify,1770617323.529223
mp-1524481,band_gap,8.309,8.309,gemini,exp2_grounded_noverify,1770617324.69013
mp-1524481,formation_energy_per_atom,-1.27488559425,-1.27488559425,gemini,exp2_grounded_noverify,1770617325.987544
mp-27972,band_gap,4.103299999999999,4.103299999999999,gemini,exp2_grounded_noverify,1770617327.420513
mp-27972,formation_energy_per_atom,-2.494519163125,-2.494519163125,gemini,exp2_grounded_noverify,1770617328.650267
mp-27153,band_gap,0.2115,0.2115,gemini,exp2_grounded_noverify,1770617329.8512099
mp-27153,formation_energy_per_atom,-1.76299271,-1.76299271,gemini,exp2_grounded_noverify,1770617330.9040918
mp-1524458,band_gap,3.1633,3.1633,gemini,exp2_grounded_noverify,1770617332.234277
mp-1524458,formation_energy_per_atom,-1.529192906999997,-1.529192906999997,gemini,exp2_grounded_noverify,1770617333.561002
mp-634859,band_gap,2.7345,2.7345,gemini,exp2_grounded_noverify,1770617335.018367
mp-634859,formation_energy_per_atom,-2.206560153333333,-2.206560153333333,gemini,exp2_grounded_noverify,1770617336.3292549
mp-468,band_gap,7.6012,7.6012,gemini,exp2_grounded_noverify,1770617337.660189
mp-468,formation_energy_per_atom,-3.86576940625,-3.86576940625,gemini,exp2_grounded_noverify,1770617338.9920561
mp-559931,band_gap,1.6025,1.6025,gemini,exp2_grounded_noverify,1770617340.1959329
mp-559931,formation_energy_per_atom,-3.238528048750001,-3.238528048750001,gemini,exp2_grounded_noverify,1770617341.655401
mp-1206891,band_gap,1.0096,1.0096,gemini,exp2_grounded_noverify,1770617342.985588
mp-1206891,formation_energy_per_atom,-0.5667571437499991,-0.5667571437499991,gemini,exp2_grounded_noverify,1770617344.316747
mp-1095275,band_gap,0.4889,0.4889,gemini,exp2_grounded_noverify,1770617345.6480498
mp-1095275,formation_energy_per_atom,-0.009709900654762,-0.009709900654762,gemini,exp2_grounded_noverify,1770617347.288894
mp-1201,band_gap,0.1314,0.1314,gemini,exp2_grounded_noverify,1770617348.7188091
mp-1201,formation_energy_per_atom,-0.383199846000002,-0.383199846000002,gemini,exp2_grounded_noverify,1770617350.091211
mp-570437,band_gap,2.3382,2.3382,gemini,exp2_grounded_noverify,1770617351.4851341
mp-570437,formation_energy_per_atom,-0.827083558444443,-0.827083558444443,gemini,exp2_grounded_noverify,1770617353.022845
mp-27358,band_gap,2.9034,2.9034,gemini,exp2_grounded_noverify,1770617354.453532
mp-27358,formation_energy_per_atom,-1.022062649955356,-1.022062649955356,gemini,exp2_grounded_noverify,1770617355.705487
mp-754815,band_gap,3.976499999999999,3.9765,gemini,exp2_grounded_noverify,1770617357.119231
mp-754815,formation_energy_per_atom,-2.30537281125,-2.30537281125,gemini,exp2_grounded_noverify,1770617358.6525598
mp-568263,band_gap,1.2121,1.2121,gemini,exp2_grounded_noverify,1770617359.983884
mp-568263,formation_energy_per_atom,-0.69001870828125,-0.69001870828125,gemini,exp2_grounded_noverify,1770617361.530234
mp-1025522,band_gap,0.6758999999999991,0.6758999999999991,gemini,exp2_grounded_noverify,1770617362.749125
mp-1025522,formation_energy_per_atom,-1.162119996249998,-1.162119996249998,gemini,exp2_grounded_noverify,1770617363.978708
mp-571011,band_gap,1.7836,1.7836,gemini,exp2_grounded_noverify,1770617365.308484
mp-571011,formation_energy_per_atom,-0.975770047431038,-0.975770047431038,gemini,exp2_grounded_noverify,1770617366.6401238
mp-28044,band_gap,4.918,4.918,gemini,exp2_grounded_noverify,1770617367.872962
mp-28044,formation_energy_per_atom,-2.512653630624999,-2.512653630624999,gemini,exp2_grounded_noverify,1770617369.300857
mp-1217322,band_gap,0.7062,0.7062,gemini,exp2_grounded_noverify,1770617370.738195
mp-1217322,formation_energy_per_atom,-0.010930726197914,-0.010930726197914,gemini,exp2_grounded_noverify,1770617372.0689669
mp-541155,band_gap,0.9239,0.9239,gemini,exp2_grounded_noverify,1770617373.292701
mp-541155,formation_energy_per_atom,-0.9510626574999992,-0.9510626574999992,gemini,exp2_grounded_noverify,1770617374.730509
mp-19,band_gap,0.1856,0.1856,gemini,exp2_grounded_noverify,1770617376.2664168
mp-19,formation_energy_per_atom,0.0,0.0,gemini,exp2_grounded_noverify,1770617377.51508
mp-22885,band_gap,2.686199999999999,2.6862,gemini,exp2_grounded_noverify,1770617378.826653
mp-22885,formation_energy_per_atom,-0.7818107566666681,-0.7818107566666681,gemini,exp2_grounded_noverify,1770617380.16347
mp-20652,band_gap,1.9078,1.9078,gemini,exp2_grounded_noverify,1770617381.489078
mp-20652,formation_energy_per_atom,-2.26442824375,-2.26442824375,gemini,exp2_grounded_noverify,1770617382.820284
mp-27857,band_gap,0.9792,0.9792,gemini,exp2_grounded_noverify,1770617384.256614
mp-27857,formation_energy_per_atom,-0.694771309999999,-0.694771309999999,gemini,exp2_grounded_noverify,1770617385.583597
mp-985829,band_gap,1.2237,1.2237,gemini,exp2_grounded_noverify,1770617386.710769
mp-985829,formation_energy_per_atom,-1.806995168541668,-1.806995168541668,gemini,exp2_grounded_noverify,1770617388.042416
mp-30034,band_gap,4.4707,4.4707,gemini,exp2_grounded_noverify,1770617389.2708101
mp-30034,formation_energy_per_atom,-1.853706801666665,-1.853706801666665,gemini,exp2_grounded_noverify,1770617390.6007948
mp-22881,band_gap,3.5244,3.5244,gemini,exp2_grounded_noverify,1770617391.831155
mp-22881,formation_energy_per_atom,-1.2745155149999992,-1.2745155149999992,gemini,exp2_grounded_noverify,1770617393.1655319
mp-32755,band_gap,1.0395,1.0395,gemini,exp2_grounded_noverify,1770617394.5338418
mp-32755,formation_energy_per_atom,-1.857414943749999,-1.857414943749999,gemini,exp2_grounded_noverify,1770617396.030105
mp-2715,band_gap,0.172299999999999,0.1723,gemini,exp2_grounded_noverify,1770617397.20477
mp-2715,formation_energy_per_atom,-0.290117705833334,-0.290117705833334,gemini,exp2_grounded_noverify,1770617398.692344
mp-504759,band_gap,0.9911,0.9911,gemini,exp2_grounded_noverify,1770617399.924565
mp-504759,formation_energy_per_atom,-2.631161137083333,-2.631161137083333,gemini,exp2_grounded_noverify,1770617401.253356
mp-1525121,band_gap,1.687399999999999,1.6874,gemini,exp2_grounded_noverify,1770617402.583539
mp-1525121,formation_energy_per_atom,0.0,0.0,gemini,exp2_grounded_noverify,1770617403.813937
mp-865194,band_gap,5.3798,5.3798,gemini,exp2_grounded_noverify,1770617405.246588
mp-865194,formation_energy_per_atom,-4.181989037499999,-4.181989037499999,gemini,exp2_grounded_noverify,1770617406.477303
mp-541610,band_gap,2.597,2.597,gemini,exp2_grounded_noverify,1770617407.806477
mp-541610,formation_energy_per_atom,-0.927984858749999,-0.927984858749999,gemini,exp2_grounded_noverify,1770617409.035339
mp-28933,band_gap,1.7587000000000002,1.7587000000000002,gemini,exp2_grounded_noverify,1770617410.3677251
mp-28933,formation_energy_per_atom,-0.198695136500001,-0.198695136500001,gemini,exp2_grounded_noverify,1770617411.594953
mp-23205,band_gap,3.6162,3.6162,gemini,exp2_grounded_noverify,1770617413.034409
mp-23205,formation_energy_per_atom,-1.3037782916666671,-1.3037782916666671,gemini,exp2_grounded_noverify,1770617414.2576709
mp-985831,band_gap,0.5342,0.5342,gemini,exp2_grounded_noverify,1770617415.487009
mp-985831,formation_energy_per_atom,-1.564946299374999,-1.564946299374999,gemini,exp2_grounded_noverify,1770617416.81712
mp-540829,band_gap,0.710199999999999,0.7102,gemini,exp2_grounded_noverify,1770617418.1497338
mp-540829,formation_energy_per_atom,-1.872036438333334,-1.872036438333334,gemini,exp2_grounded_noverify,1770617419.380985
mp-1525632,band_gap,2.8979,2.8979,gemini,exp2_grounded_noverify,1770617420.709266
mp-1525632,formation_energy_per_atom,0.0,0.0,gemini,exp2_grounded_noverify,1770617421.937366
mp-573815,band_gap,0.9469999999999992,0.9469999999999992,gemini,exp2_grounded_noverify,1770617423.2703302
mp-573815,formation_energy_per_atom,-0.348767611458335,-0.348767611458335,gemini,exp2_grounded_noverify,1770617424.4983082
mp-607450,band_gap,0.229,0.229,gemini,exp2_grounded_noverify,1770617425.726047
mp-607450,formation_energy_per_atom,-0.235972947500002,-0.235972947500002,gemini,exp2_grounded_noverify,1770617426.9553988
mp-23162,band_gap,1.0479,1.0479,gemini,exp2_grounded_noverify,1770617428.286968
mp-23162,formation_energy_per_atom,-1.87860569,-1.87860569,gemini,exp2_grounded_noverify,1770617429.7216341
mp-2402,band_gap,1.1286,1.1286,gemini,exp2_grounded_noverify,1770617431.052016
mp-2402,formation_energy_per_atom,-0.069361268125,-0.069361268125,gemini,exp2_grounded_noverify,1770617432.2859561
mp-9922,band_gap,1.1326,1.1326,gemini,exp2_grounded_noverify,1770617433.611944
mp-9922,formation_energy_per_atom,-1.373804485859373,-1.373804485859373,gemini,exp2_grounded_noverify,1770617434.9430661
mp-1545216,band_gap,0.4836,0.4836,gemini,exp2_grounded_noverify,1770617436.215609
mp-1545216,formation_energy_per_atom,-0.907728662126436,-0.907728662126436,gemini,exp2_grounded_noverify,1770617437.6072059
mp-1968,band_gap,3.824799999999999,3.824799999999999,gemini,exp2_grounded_noverify,1770617438.951344
mp-1968,formation_energy_per_atom,-3.8759289195,-3.8759289195,gemini,exp2_grounded_noverify,1770617440.166107
mp-29711,band_gap,0.638899999999999,0.638899999999999,gemini,exp2_grounded_noverify,1770617441.375989
mp-29711,formation_energy_per_atom,-0.444227307333335,-0.444227307333335,gemini,exp2_grounded_noverify,1770617442.616629
mp-2133,band_gap,0.7227,0.7227,gemini,exp2_grounded_noverify,1770617443.851151
mp-2133,formation_energy_per_atom,-1.7908991124999991,-1.7908991124999991,gemini,exp2_grounded_noverify,1770617445.180938
mp-1185959,band_gap,1.133699999999999,1.1337,gemini,exp2_grounded_noverify,1770617446.411607
mp-1185959,formation_energy_per_atom,-1.154441889999999,-1.154441889999999,gemini,exp2_grounded_noverify,1770617447.743267
mp-985278,band_gap,6.0693,6.0693,gemini,exp2_grounded_noverify,1770617449.179939
mp-985278,formation_energy_per_atom,-4.467987469375,-4.467987469375,gemini,exp2_grounded_noverify,1770617451.0202172
mp-23710,band_gap,3.709699999999999,3.7097,gemini,exp2_grounded_noverify,1770617452.453847
mp-23710,formation_energy_per_atom,-0.2827190725,-0.2827190725,gemini,exp2_grounded_noverify,1770617453.7843041
mp-341,band_gap,1.9022,1.9022,gemini,exp2_grounded_noverify,1770617455.322541
mp-341,formation_energy_per_atom,-1.990905017999998,-1.990905017999998,gemini,exp2_grounded_noverify,1770617456.561675
mp-32800,band_gap,2.2962,2.2962,gemini,exp2_grounded_noverify,1770617457.779089
mp-32800,formation_energy_per_atom,-2.4930635934375,-2.4930635934375,gemini,exp2_grounded_noverify,1770617459.008095
mp-685014,band_gap,2.0644,2.0644,gemini,exp2_grounded_noverify,1770617460.340383
mp-685014,formation_energy_per_atom,-1.068962764541666,-1.068962764541666,gemini,exp2_grounded_noverify,1770617461.815867
mp-559798,band_gap,4.9116,4.9116,gemini,exp2_grounded_noverify,1770617463.108866
mp-559798,formation_energy_per_atom,-2.23065729,-2.23065729,gemini,exp2_grounded_noverify,1770617464.843371
mp-1080821,band_gap,0.7896000000000001,0.7896000000000001,gemini,exp2_grounded_noverify,1770617466.487336
mp-1080821,formation_energy_per_atom,-3.19318655375,-3.19318655375,gemini,exp2_grounded_noverify,1770617468.2246552
mp-540625,band_gap,1.7063,1.7063,gemini,exp2_grounded_noverify,1770617469.758414
mp-540625,formation_energy_per_atom,-0.5793224153125001,-0.5793224153125001,gemini,exp2_grounded_noverify,1770617471.50141
mp-1025442,band_gap,1.3846999999999992,1.3847,gemini,exp2_grounded_noverify,1770617472.832308
mp-1025442,formation_energy_per_atom,-0.44096969,-0.44096969,gemini,exp2_grounded_noverify,1770617474.1639638
mp-556911,band_gap,1.6921,1.6921,gemini,exp2_grounded_noverify,1770617475.495718
mp-556911,formation_energy_per_atom,-2.590574678333332,-2.590574678333332,gemini,exp2_grounded_noverify,1770617476.9303849
mp-23263,band_gap,2.9266,2.9266,gemini,exp2_grounded_noverify,1770617478.2603781
mp-23263,formation_energy_per_atom,-2.423042803749999,-2.423042803749999,gemini,exp2_grounded_noverify,1770617479.6043122
mp-16911,band_gap,1.9539,1.9539,gemini,exp2_grounded_noverify,1770617480.819137
mp-16911,formation_energy_per_atom,-0.955290041071428,-0.955290041071428,gemini,exp2_grounded_noverify,1770617482.15104
mp-1705,band_gap,0.5057,0.5057,gemini,exp2_grounded_noverify,1770617483.3767722
mp-1705,formation_energy_per_atom,-1.74803409,-1.74803409,gemini,exp2_grounded_noverify,1770617484.7378712
mp-561197,band_gap,5.5366,5.5366,gemini,exp2_grounded_noverify,1770617486.011721
mp-561197,formation_energy_per_atom,-3.404466658305554,-3.404466658305554,gemini,exp2_grounded_noverify,1770617487.480034
mp-23183,band_gap,4.299799999999999,4.2998,gemini,exp2_grounded_noverify,1770617488.704802
mp-23183,formation_energy_per_atom,-2.585905556250001,-2.585905556250001,gemini,exp2_grounded_noverify,1770617490.0380511
mp-23280,band_gap,3.9873,3.9873,gemini,exp2_grounded_noverify,1770617491.3680792
mp-23280,formation_energy_per_atom,-0.755685861249999,-0.755685861249999,gemini,exp2_grounded_noverify,1770617492.435692
mp-1524462,band_gap,2.7061,2.7061,gemini,exp2_grounded_noverify,1770617493.724483
mp-1524462,formation_energy_per_atom,0.0,0.0,gemini,exp2_grounded_noverify,1770617495.1573708
mp-706630,band_gap,3.606099999999999,3.6061,gemini,exp2_grounded_noverify,1770617496.5913339
mp-706630,formation_energy_per_atom,-0.095264628645833,-0.095264628645833,gemini,exp2_grounded_noverify,1770617498.228299
mp-541837,band_gap,0.3769,0.3769,gemini,exp2_grounded_noverify,1770617500.2775471
mp-541837,formation_energy_per_atom,-0.434076935437502,-0.434076935437502,gemini,exp2_grounded_noverify,1770617501.750682
mp-1819,band_gap,2.028799999999999,2.028799999999999,gemini,exp2_grounded_noverify,1770617503.145397
mp-1819,formation_energy_per_atom,-1.839006646249989,-1.839006646249989,gemini,exp2_grounded_noverify,1770617504.662483
mp-7988,band_gap,0.583199999999999,0.5832,gemini,exp2_grounded_noverify,1770617506.014397
mp-7988,formation_energy_per_atom,-1.180246544770117,-1.180246544770117,gemini,exp2_grounded_noverify,1770617507.340281
mp-2049132,band_gap,0.216299999999999,0.2163,gemini,exp2_grounded_noverify,1770617508.6752708
mp-2049132,formation_energy_per_atom,-0.298604841000002,-0.298604841000002,gemini,exp2_grounded_noverify,1770617509.67371
mp-7943,band_gap,0.3285,0.3285,gemini,exp2_grounded_noverify,1770617511.030968
mp-7943,formation_energy_per_atom,-0.588209097083334,-0.588209097083334,gemini,exp2_grounded_noverify,1770617512.4641669
mp-30792,band_gap,0.1566,0.1566,gemini,exp2_grounded_noverify,1770617513.9983501
mp-30792,formation_energy_per_atom,-0.269950954999998,-0.269950954999998,gemini,exp2_grounded_noverify,1770617515.265175
mp-352,band_gap,4.0165,4.0165,gemini,exp2_grounded_noverify,1770617516.6611981
mp-352,formation_energy_per_atom,-4.019811040833332,-4.019811040833332,gemini,exp2_grounded_noverify,1770617518.194942
mp-15954,band_gap,0.2625,0.2625,gemini,exp2_grounded_noverify,1770617519.424106
mp-15954,formation_energy_per_atom,-0.5725928316666651,-0.5725928316666651,gemini,exp2_grounded_noverify,1770617520.8591738
mp-23165,band_gap,0.8929,0.8929,gemini,exp2_grounded_noverify,1770617522.296101
mp-23165,formation_energy_per_atom,-0.6577550981249981,-0.6577550981249981,gemini,exp2_grounded_noverify,1770617523.724674
mp-2251,band_gap,0.984,0.984,gemini,exp2_grounded_noverify,1770617524.952371
mp-2251,formation_energy_per_atom,-0.4825014221875,-0.4825014221875,gemini,exp2_grounded_noverify,1770617526.388788
mp-181,band_gap,0.216299999999999,0.2163,gemini,exp2_grounded_noverify,1770617527.9273002
mp-181,formation_energy_per_atom,-0.1726160249375,-0.1726160249375,gemini,exp2_grounded_noverify,1770617529.462703
mp-2340,band_gap,1.7361,1.7361,gemini,exp2_grounded_noverify,1770617530.688193
mp-2340,formation_energy_per_atom,-1.2980963948563211,-1.2980963948563211,gemini,exp2_grounded_noverify,1770617531.896448
mp-1443,band_gap,3.1684,3.1684,gemini,exp2_grounded_noverify,1770617533.217869
mp-1443,formation_energy_per_atom,-2.537928646818182,-2.537928646818182,gemini,exp2_grounded_noverify,1770617534.4884028
mp-2697,band_gap,2.8495,2.8495,gemini,exp2_grounded_noverify,1770617535.810865
mp-2697,formation_energy_per_atom,-2.204479133333331,-2.204479133333331,gemini,exp2_grounded_noverify,1770617537.143072
mp-680463,band_gap,0.391399999999999,0.3914,gemini,exp2_grounded_noverify,1770617538.575846
mp-680463,formation_energy_per_atom,-0.157726345384613,-0.157726345384613,gemini,exp2_grounded_noverify,1770617539.892622
mp-542810,band_gap,1.9674,1.9674,gemini,exp2_grounded_noverify,1770617541.135079
mp-542810,formation_energy_per_atom,-0.159580558906249,-0.159580558906249,gemini,exp2_grounded_noverify,1770617542.3623528
mp-971787,band_gap,1.1332,1.1332,gemini,exp2_grounded_noverify,1770617543.796677
mp-971787,formation_energy_per_atom,-1.208906696666668,-1.208906696666668,gemini,exp2_grounded_noverify,1770617545.125325
mp-1105,band_gap,2.2352,2.2352,gemini,exp2_grounded_noverify,1770617546.5663319
mp-1105,formation_energy_per_atom,-2.170192663333334,-2.170192663333334,gemini,exp2_grounded_noverify,1770617547.900713
